text,label
"Investment crypto profit 200% guaranteed, join now bit.ly/verify",SCAM
Let’s study together for exam,SAFE
"Police report: you involved in case, contact urgent bit.ly/verify",SCAM
"Bank kau kena block, click link ni cepat tng-update.com",SCAM
"Shopee parcel stuck kastam, bayar RM59 untuk release",SCAM
Call aku nanti free,SAFE
"Shopee parcel stuck kastam, bayar RM155 untuk release",SCAM
Apa plan weekend ni?,SAFE
You datang lecture tak hari ni?,SAFE
Kita jumpa esok kelas 10am,SAFE
Aku dah hantar report tu,SAFE
Thanks bro tolong aku tadi,SAFE
Call aku nanti free,SAFE
"You win RM4078 cash, claim now sebelum expired",SCAM
Dinner rumah mak malam ni,SAFE
"Police report: you involved in case, contact urgent sh0pee-help.net",SCAM
"Job part time RM3341/day, no experience needed, join link bit.ly/verify",SCAM
"Job part time RM3284/day, no experience needed, join link bit.ly/verify",SCAM
Kita jumpa esok kelas 10am,SAFE
Jom makan dekat cafe kampus,SAFE
"Job part time RM4221/day, no experience needed, join link sh0pee-help.net",SCAM
Weh kau free tak malam ni?,SAFE
"Your email hacked, reset password immediately tng-update.com",SCAM
Kita jumpa esok kelas 10am,SAFE
"Police report: you involved in case, contact urgent bit.ly/verify",SCAM
"You win RM552 cash, claim now sebelum expired",SCAM
Aku lambat sikit traffic jam,SAFE
Where are you now bro?,SAFE
"Bank kau kena block, click link ni cepat bank-secure.com/login",SCAM
"Account anda akan dibekukan segera, verify sekarang bank-secure.com/login",SCAM
"TNG eWallet kena suspend, login untuk aktifkan tng-update.com",SCAM
Jom makan dekat cafe kampus,SAFE
Where are you now bro?,SAFE
"Investment crypto profit 200% guaranteed, join now bit.ly/verify",SCAM
"Investment crypto profit 200% guaranteed, join now tng-update.com",SCAM
Kita jumpa esok kelas 10am,SAFE
Thanks bro tolong aku tadi,SAFE
"Customs hold parcel, pay RM156 release fee",SCAM
Aku dah hantar report tu,SAFE
"We detected login from India, confirm identity bit.ly/verify",SCAM
Call aku nanti free,SAFE
Weh kau free tak malam ni?,SAFE
"Shopee parcel stuck kastam, bayar RM1100 untuk release",SCAM
"We detected login from Philippines, confirm identity sh0pee-help.net",SCAM
"Free RM4296 voucher, claim sekarang bit.ly/verify",SCAM
"Good morning bro, bangun cepat",SAFE
Thanks bro tolong aku tadi,SAFE
Kita jumpa esok kelas 10am,SAFE
Weh kau free tak malam ni?,SAFE
Call aku nanti free,SAFE
"Customs hold parcel, pay RM3702 release fee",SCAM
"Shopee parcel stuck kastam, bayar RM3993 untuk release",SCAM
"Loan approved instant RM3804, send IC & bank details",SCAM
Dinner rumah mak malam ni,SAFE
"Bank Negara report: account suspicious activity, verify bank-secure.com/login",SCAM
"TNG eWallet kena suspend, login untuk aktifkan bank-secure.com/login",SCAM
Thanks bro tolong aku tadi,SAFE
"Loan approved instant RM2420, send IC & bank details",SCAM
"Customs hold parcel, pay RM3914 release fee",SCAM
Call aku nanti free,SAFE
"Customs hold parcel, pay RM2324 release fee",SCAM
Aku dah hantar report tu,SAFE
Aku lambat sikit traffic jam,SAFE
Let’s study together for exam,SAFE
"Bank Negara report: account suspicious activity, verify bit.ly/verify",SCAM
Aku lambat sikit traffic jam,SAFE
Kita jumpa esok kelas 10am,SAFE
"Customs hold parcel, pay RM2405 release fee",SCAM
Where are you now bro?,SAFE
"Your email hacked, reset password immediately sh0pee-help.net",SCAM
"Account anda akan dibekukan segera, verify sekarang sh0pee-help.net",SCAM
Call aku nanti free,SAFE
"Free RM2611 voucher, claim sekarang sh0pee-help.net",SCAM
Thanks bro tolong aku tadi,SAFE
"Free RM2750 voucher, claim sekarang tng-update.com",SCAM
"TNG eWallet kena suspend, login untuk aktifkan bank-secure.com/login",SCAM
"OTP needed to verify transaction, send cepat",SCAM
Thanks bro tolong aku tadi,SAFE
"Good morning bro, bangun cepat",SAFE
Jom makan dekat cafe kampus,SAFE
"Loan approved instant RM1865, send IC & bank details",SCAM
Apa plan weekend ni?,SAFE
"Customs hold parcel, pay RM2859 release fee",SCAM
"Bank Negara report: account suspicious activity, verify sh0pee-help.net",SCAM
"You win RM3744 cash, claim now sebelum expired",SCAM
"Your email hacked, reset password immediately tng-update.com",SCAM
"You win RM1441 cash, claim now sebelum expired",SCAM
"Job part time RM1597/day, no experience needed, join link bit.ly/verify",SCAM
Aku tengah buat project AI ni,SAFE
"Investment crypto profit 200% guaranteed, join now sh0pee-help.net",SCAM
"Bank kau kena block, click link ni cepat sh0pee-help.net",SCAM
Thanks bro tolong aku tadi,SAFE
"You win RM4903 cash, claim now sebelum expired",SCAM
"Shopee parcel stuck kastam, bayar RM767 untuk release",SCAM
"Free RM4140 voucher, claim sekarang bit.ly/verify",SCAM
Apa plan weekend ni?,SAFE
"You win RM2904 cash, claim now sebelum expired",SCAM
"Good morning bro, bangun cepat",SAFE
Aku lambat sikit traffic jam,SAFE
"Good morning bro, bangun cepat",SAFE
Weh kau free tak malam ni?,SAFE
"Account anda akan dibekukan segera, verify sekarang sh0pee-help.net",SCAM
Aku tengah buat project AI ni,SAFE
"Loan approved instant RM1699, send IC & bank details",SCAM
Aku lambat sikit traffic jam,SAFE
Dinner rumah mak malam ni,SAFE
"Job part time RM4765/day, no experience needed, join link sh0pee-help.net",SCAM
"Free RM2475 voucher, claim sekarang sh0pee-help.net",SCAM
"Customs hold parcel, pay RM4759 release fee",SCAM
"OTP needed to verify transaction, send cepat",SCAM
"Free RM1310 voucher, claim sekarang sh0pee-help.net",SCAM
"Customs hold parcel, pay RM4539 release fee",SCAM
Aku dah hantar report tu,SAFE
"TNG eWallet kena suspend, login untuk aktifkan bit.ly/verify",SCAM
"You win RM1905 cash, claim now sebelum expired",SCAM
"Good morning bro, bangun cepat",SAFE
Dinner rumah mak malam ni,SAFE
Dinner rumah mak malam ni,SAFE
"Police report: you involved in case, contact urgent tng-update.com",SCAM
Aku dah hantar report tu,SAFE
Assignment dah siap belum?,SAFE
You datang lecture tak hari ni?,SAFE
"Good morning bro, bangun cepat",SAFE
Kita jumpa esok kelas 10am,SAFE
"Investment crypto profit 200% guaranteed, join now sh0pee-help.net",SCAM
Jom makan dekat cafe kampus,SAFE
"Loan approved instant RM861, send IC & bank details",SCAM
"Job part time RM3852/day, no experience needed, join link bank-secure.com/login",SCAM
Apa plan weekend ni?,SAFE
You datang lecture tak hari ni?,SAFE
"Free RM3243 voucher, claim sekarang bit.ly/verify",SCAM
Kita jumpa esok kelas 10am,SAFE
Kita jumpa esok kelas 10am,SAFE
"Free RM4803 voucher, claim sekarang bank-secure.com/login",SCAM
Aku dah hantar report tu,SAFE
"You win RM4696 cash, claim now sebelum expired",SCAM
"Loan approved instant RM1122, send IC & bank details",SCAM
"Bank Negara report: account suspicious activity, verify bank-secure.com/login",SCAM
Assignment dah siap belum?,SAFE
Call aku nanti free,SAFE
Thanks bro tolong aku tadi,SAFE
Aku tengah buat project AI ni,SAFE
Aku lambat sikit traffic jam,SAFE
"TNG eWallet kena suspend, login untuk aktifkan tng-update.com",SCAM
You datang lecture tak hari ni?,SAFE
"Good morning bro, bangun cepat",SAFE
Aku lambat sikit traffic jam,SAFE
Jom makan dekat cafe kampus,SAFE
"Bank Negara report: account suspicious activity, verify bit.ly/verify",SCAM
"We detected login from Unknown, confirm identity bank-secure.com/login",SCAM
Aku tengah buat project AI ni,SAFE
"Investment crypto profit 200% guaranteed, join now bit.ly/verify",SCAM
You datang lecture tak hari ni?,SAFE
"You win RM544 cash, claim now sebelum expired",SCAM
Aku lambat sikit traffic jam,SAFE
Aku lambat sikit traffic jam,SAFE
Jom makan dekat cafe kampus,SAFE
Apa plan weekend ni?,SAFE
"Shopee parcel stuck kastam, bayar RM1237 untuk release",SCAM
Aku dah hantar report tu,SAFE
"Loan approved instant RM4458, send IC & bank details",SCAM
"Shopee parcel stuck kastam, bayar RM4764 untuk release",SCAM
"You win RM751 cash, claim now sebelum expired",SCAM
"Shopee parcel stuck kastam, bayar RM712 untuk release",SCAM
Apa plan weekend ni?,SAFE
Aku tengah buat project AI ni,SAFE
Weh kau free tak malam ni?,SAFE
"Bank Negara report: account suspicious activity, verify bit.ly/verify",SCAM
"We detected login from India, confirm identity bank-secure.com/login",SCAM
Dinner rumah mak malam ni,SAFE
Weh kau free tak malam ni?,SAFE
Dinner rumah mak malam ni,SAFE
Thanks bro tolong aku tadi,SAFE
You datang lecture tak hari ni?,SAFE
"Free RM1621 voucher, claim sekarang bank-secure.com/login",SCAM
"Police report: you involved in case, contact urgent bit.ly/verify",SCAM
"Good morning bro, bangun cepat",SAFE
"Job part time RM3535/day, no experience needed, join link sh0pee-help.net",SCAM
"Job part time RM1072/day, no experience needed, join link sh0pee-help.net",SCAM
Call aku nanti free,SAFE
Aku dah hantar report tu,SAFE
"Customs hold parcel, pay RM1933 release fee",SCAM
Kita jumpa esok kelas 10am,SAFE
Aku tengah buat project AI ni,SAFE
"You win RM4208 cash, claim now sebelum expired",SCAM
"Job part time RM4930/day, no experience needed, join link bank-secure.com/login",SCAM
"TNG eWallet kena suspend, login untuk aktifkan tng-update.com",SCAM
"Police report: you involved in case, contact urgent sh0pee-help.net",SCAM
Assignment dah siap belum?,SAFE
Weh kau free tak malam ni?,SAFE
"Bank Negara report: account suspicious activity, verify sh0pee-help.net",SCAM
"Loan approved instant RM2683, send IC & bank details",SCAM
"Loan approved instant RM1290, send IC & bank details",SCAM
Aku dah hantar report tu,SAFE
"Shopee parcel stuck kastam, bayar RM1568 untuk release",SCAM
Let’s study together for exam,SAFE
"Customs hold parcel, pay RM4508 release fee",SCAM
Jom makan dekat cafe kampus,SAFE
"Bank Negara report: account suspicious activity, verify bank-secure.com/login",SCAM
"Loan approved instant RM103, send IC & bank details",SCAM
Aku dah hantar report tu,SAFE
Jom makan dekat cafe kampus,SAFE
Jom makan dekat cafe kampus,SAFE
Where are you now bro?,SAFE
"Loan approved instant RM3478, send IC & bank details",SCAM
Where are you now bro?,SAFE
Assignment dah siap belum?,SAFE
"We detected login from Unknown, confirm identity bit.ly/verify",SCAM
"Bank kau kena block, click link ni cepat sh0pee-help.net",SCAM
"Job part time RM3033/day, no experience needed, join link bit.ly/verify",SCAM
Jom makan dekat cafe kampus,SAFE
Aku tengah buat project AI ni,SAFE
Dinner rumah mak malam ni,SAFE
"You win RM4012 cash, claim now sebelum expired",SCAM
"Account anda akan dibekukan segera, verify sekarang tng-update.com",SCAM
Let’s study together for exam,SAFE
"Bank kau kena block, click link ni cepat tng-update.com",SCAM
Weh kau free tak malam ni?,SAFE
Weh kau free tak malam ni?,SAFE
You datang lecture tak hari ni?,SAFE
"Customs hold parcel, pay RM150 release fee",SCAM
Aku lambat sikit traffic jam,SAFE
"Loan approved instant RM1173, send IC & bank details",SCAM
"Bank Negara report: account suspicious activity, verify tng-update.com",SCAM
"Account anda akan dibekukan segera, verify sekarang bank-secure.com/login",SCAM
Aku lambat sikit traffic jam,SAFE
Aku dah hantar report tu,SAFE
Apa plan weekend ni?,SAFE
Aku dah hantar report tu,SAFE
"TNG eWallet kena suspend, login untuk aktifkan sh0pee-help.net",SCAM
"Customs hold parcel, pay RM4504 release fee",SCAM
"Job part time RM203/day, no experience needed, join link tng-update.com",SCAM
"Loan approved instant RM2455, send IC & bank details",SCAM
Where are you now bro?,SAFE
Let’s study together for exam,SAFE
Weh kau free tak malam ni?,SAFE
"Free RM787 voucher, claim sekarang bit.ly/verify",SCAM
"Bank kau kena block, click link ni cepat bank-secure.com/login",SCAM
Jom makan dekat cafe kampus,SAFE
"You win RM2429 cash, claim now sebelum expired",SCAM
"Police report: you involved in case, contact urgent sh0pee-help.net",SCAM
Kita jumpa esok kelas 10am,SAFE
"Loan approved instant RM2341, send IC & bank details",SCAM
"Job part time RM1963/day, no experience needed, join link tng-update.com",SCAM
"Customs hold parcel, pay RM4936 release fee",SCAM
"Customs hold parcel, pay RM154 release fee",SCAM
"Job part time RM1796/day, no experience needed, join link sh0pee-help.net",SCAM
Aku tengah buat project AI ni,SAFE
Where are you now bro?,SAFE
Aku tengah buat project AI ni,SAFE
Weh kau free tak malam ni?,SAFE
Aku dah hantar report tu,SAFE
Aku lambat sikit traffic jam,SAFE
"Free RM3469 voucher, claim sekarang tng-update.com",SCAM
"We detected login from Nigeria, confirm identity sh0pee-help.net",SCAM
Aku lambat sikit traffic jam,SAFE
"Bank kau kena block, click link ni cepat bank-secure.com/login",SCAM
"Shopee parcel stuck kastam, bayar RM617 untuk release",SCAM
Jom makan dekat cafe kampus,SAFE
Thanks bro tolong aku tadi,SAFE
"Shopee parcel stuck kastam, bayar RM4714 untuk release",SCAM
"Bank Negara report: account suspicious activity, verify sh0pee-help.net",SCAM
You datang lecture tak hari ni?,SAFE
Apa plan weekend ni?,SAFE
Aku dah hantar report tu,SAFE
"TNG eWallet kena suspend, login untuk aktifkan sh0pee-help.net",SCAM
"Police report: you involved in case, contact urgent tng-update.com",SCAM
Thanks bro tolong aku tadi,SAFE
Aku tengah buat project AI ni,SAFE
Call aku nanti free,SAFE
"TNG eWallet kena suspend, login untuk aktifkan tng-update.com",SCAM
"Investment crypto profit 200% guaranteed, join now bank-secure.com/login",SCAM
"We detected login from Philippines, confirm identity bit.ly/verify",SCAM
"Investment crypto profit 200% guaranteed, join now sh0pee-help.net",SCAM
"Police report: you involved in case, contact urgent sh0pee-help.net",SCAM
Weh kau free tak malam ni?,SAFE
Assignment dah siap belum?,SAFE
"Account anda akan dibekukan segera, verify sekarang tng-update.com",SCAM
Kita jumpa esok kelas 10am,SAFE
Jom makan dekat cafe kampus,SAFE
Apa plan weekend ni?,SAFE
Aku dah hantar report tu,SAFE
Weh kau free tak malam ni?,SAFE
"Investment crypto profit 200% guaranteed, join now sh0pee-help.net",SCAM
"TNG eWallet kena suspend, login untuk aktifkan sh0pee-help.net",SCAM
"Customs hold parcel, pay RM4215 release fee",SCAM
"Loan approved instant RM884, send IC & bank details",SCAM
"Account anda akan dibekukan segera, verify sekarang bank-secure.com/login",SCAM
Call aku nanti free,SAFE
Where are you now bro?,SAFE
You datang lecture tak hari ni?,SAFE
Let’s study together for exam,SAFE
You datang lecture tak hari ni?,SAFE
"Job part time RM3076/day, no experience needed, join link bit.ly/verify",SCAM
"Customs hold parcel, pay RM4788 release fee",SCAM
Weh kau free tak malam ni?,SAFE
"Investment crypto profit 200% guaranteed, join now sh0pee-help.net",SCAM
Dinner rumah mak malam ni,SAFE
"Loan approved instant RM4119, send IC & bank details",SCAM
Aku lambat sikit traffic jam,SAFE
"Bank kau kena block, click link ni cepat bank-secure.com/login",SCAM
"Police report: you involved in case, contact urgent bank-secure.com/login",SCAM
"Account anda akan dibekukan segera, verify sekarang sh0pee-help.net",SCAM
"Police report: you involved in case, contact urgent bank-secure.com/login",SCAM
"Good morning bro, bangun cepat",SAFE
"Loan approved instant RM3610, send IC & bank details",SCAM
"We detected login from Philippines, confirm identity bank-secure.com/login",SCAM
"Customs hold parcel, pay RM1517 release fee",SCAM
"Your email hacked, reset password immediately bank-secure.com/login",SCAM
Call aku nanti free,SAFE
"Bank Negara report: account suspicious activity, verify tng-update.com",SCAM
Where are you now bro?,SAFE
"TNG eWallet kena suspend, login untuk aktifkan bank-secure.com/login",SCAM
Aku lambat sikit traffic jam,SAFE
Dinner rumah mak malam ni,SAFE
Assignment dah siap belum?,SAFE
Jom makan dekat cafe kampus,SAFE
Apa plan weekend ni?,SAFE
Jom makan dekat cafe kampus,SAFE
Let’s study together for exam,SAFE
Dinner rumah mak malam ni,SAFE
"Job part time RM2703/day, no experience needed, join link tng-update.com",SCAM
"Investment crypto profit 200% guaranteed, join now sh0pee-help.net",SCAM
You datang lecture tak hari ni?,SAFE
You datang lecture tak hari ni?,SAFE
Dinner rumah mak malam ni,SAFE
Where are you now bro?,SAFE
"Police report: you involved in case, contact urgent bit.ly/verify",SCAM
Let’s study together for exam,SAFE
You datang lecture tak hari ni?,SAFE
"Bank kau kena block, click link ni cepat bank-secure.com/login",SCAM
"Loan approved instant RM4492, send IC & bank details",SCAM
"Loan approved instant RM843, send IC & bank details",SCAM
"OTP needed to verify transaction, send cepat",SCAM
Aku lambat sikit traffic jam,SAFE
Aku tengah buat project AI ni,SAFE
"We detected login from Unknown, confirm identity bit.ly/verify",SCAM
Weh kau free tak malam ni?,SAFE
"OTP needed to verify transaction, send cepat",SCAM
Let’s study together for exam,SAFE
"Your email hacked, reset password immediately bank-secure.com/login",SCAM
You datang lecture tak hari ni?,SAFE
"Shopee parcel stuck kastam, bayar RM2230 untuk release",SCAM
"Your email hacked, reset password immediately tng-update.com",SCAM
"Police report: you involved in case, contact urgent tng-update.com",SCAM
Kita jumpa esok kelas 10am,SAFE
Where are you now bro?,SAFE
"Loan approved instant RM3656, send IC & bank details",SCAM
"Loan approved instant RM4893, send IC & bank details",SCAM
Weh kau free tak malam ni?,SAFE
Apa plan weekend ni?,SAFE
"Bank Negara report: account suspicious activity, verify sh0pee-help.net",SCAM
Aku tengah buat project AI ni,SAFE
Aku dah hantar report tu,SAFE
"Good morning bro, bangun cepat",SAFE
Aku lambat sikit traffic jam,SAFE
"Loan approved instant RM4042, send IC & bank details",SCAM
Where are you now bro?,SAFE
"Bank kau kena block, click link ni cepat sh0pee-help.net",SCAM
Assignment dah siap belum?,SAFE
"Customs hold parcel, pay RM4345 release fee",SCAM
"Investment crypto profit 200% guaranteed, join now tng-update.com",SCAM
"Shopee parcel stuck kastam, bayar RM2522 untuk release",SCAM
Dinner rumah mak malam ni,SAFE
"Good morning bro, bangun cepat",SAFE
Aku lambat sikit traffic jam,SAFE
"Loan approved instant RM849, send IC & bank details",SCAM
Aku dah hantar report tu,SAFE
"We detected login from Nigeria, confirm identity sh0pee-help.net",SCAM
"Bank Negara report: account suspicious activity, verify bit.ly/verify",SCAM
Jom makan dekat cafe kampus,SAFE
Weh kau free tak malam ni?,SAFE
Let’s study together for exam,SAFE
"Shopee parcel stuck kastam, bayar RM3669 untuk release",SCAM
"Bank kau kena block, click link ni cepat bit.ly/verify",SCAM
"Bank kau kena block, click link ni cepat bit.ly/verify",SCAM
Aku tengah buat project AI ni,SAFE
Aku dah hantar report tu,SAFE
"OTP needed to verify transaction, send cepat",SCAM
Assignment dah siap belum?,SAFE
"Customs hold parcel, pay RM2877 release fee",SCAM
Dinner rumah mak malam ni,SAFE
Where are you now bro?,SAFE
Aku lambat sikit traffic jam,SAFE
Thanks bro tolong aku tadi,SAFE
"Job part time RM2469/day, no experience needed, join link bank-secure.com/login",SCAM
Aku lambat sikit traffic jam,SAFE
Assignment dah siap belum?,SAFE
"Shopee parcel stuck kastam, bayar RM4104 untuk release",SCAM
"Shopee parcel stuck kastam, bayar RM1152 untuk release",SCAM
Kita jumpa esok kelas 10am,SAFE
Aku lambat sikit traffic jam,SAFE
"You win RM566 cash, claim now sebelum expired",SCAM
"OTP needed to verify transaction, send cepat",SCAM
"OTP needed to verify transaction, send cepat",SCAM
"OTP needed to verify transaction, send cepat",SCAM
"Bank kau kena block, click link ni cepat bank-secure.com/login",SCAM
Let’s study together for exam,SAFE
Weh kau free tak malam ni?,SAFE
"Shopee parcel stuck kastam, bayar RM2461 untuk release",SCAM
"Shopee parcel stuck kastam, bayar RM4752 untuk release",SCAM
Dinner rumah mak malam ni,SAFE
"Loan approved instant RM2911, send IC & bank details",SCAM
Jom makan dekat cafe kampus,SAFE
Apa plan weekend ni?,SAFE
"Customs hold parcel, pay RM3857 release fee",SCAM
Let’s study together for exam,SAFE
Assignment dah siap belum?,SAFE
Aku tengah buat project AI ni,SAFE
"Customs hold parcel, pay RM427 release fee",SCAM
"Good morning bro, bangun cepat",SAFE
"Good morning bro, bangun cepat",SAFE
Aku lambat sikit traffic jam,SAFE
Thanks bro tolong aku tadi,SAFE
"OTP needed to verify transaction, send cepat",SCAM
Assignment dah siap belum?,SAFE
"You win RM2543 cash, claim now sebelum expired",SCAM
"Police report: you involved in case, contact urgent sh0pee-help.net",SCAM
Weh kau free tak malam ni?,SAFE
"Police report: you involved in case, contact urgent bank-secure.com/login",SCAM
"TNG eWallet kena suspend, login untuk aktifkan sh0pee-help.net",SCAM
"Account anda akan dibekukan segera, verify sekarang sh0pee-help.net",SCAM
"Account anda akan dibekukan segera, verify sekarang tng-update.com",SCAM
Apa plan weekend ni?,SAFE
Jom makan dekat cafe kampus,SAFE
"Investment crypto profit 200% guaranteed, join now bit.ly/verify",SCAM
"Bank kau kena block, click link ni cepat tng-update.com",SCAM
"OTP needed to verify transaction, send cepat",SCAM
"Your email hacked, reset password immediately bank-secure.com/login",SCAM
Apa plan weekend ni?,SAFE
You datang lecture tak hari ni?,SAFE
Call aku nanti free,SAFE
"TNG eWallet kena suspend, login untuk aktifkan bank-secure.com/login",SCAM
"Account anda akan dibekukan segera, verify sekarang bit.ly/verify",SCAM
"Your email hacked, reset password immediately sh0pee-help.net",SCAM
"Free RM1791 voucher, claim sekarang bank-secure.com/login",SCAM
"We detected login from Philippines, confirm identity tng-update.com",SCAM
"Shopee parcel stuck kastam, bayar RM3455 untuk release",SCAM
Assignment dah siap belum?,SAFE
"OTP needed to verify transaction, send cepat",SCAM
Thanks bro tolong aku tadi,SAFE
Aku tengah buat project AI ni,SAFE
Apa plan weekend ni?,SAFE
"Police report: you involved in case, contact urgent bit.ly/verify",SCAM
Jom makan dekat cafe kampus,SAFE
Kita jumpa esok kelas 10am,SAFE
Dinner rumah mak malam ni,SAFE
"Bank Negara report: account suspicious activity, verify bit.ly/verify",SCAM
"Bank kau kena block, click link ni cepat bit.ly/verify",SCAM
Where are you now bro?,SAFE
Thanks bro tolong aku tadi,SAFE
Aku tengah buat project AI ni,SAFE
Jom makan dekat cafe kampus,SAFE
Apa plan weekend ni?,SAFE
Call aku nanti free,SAFE
"Bank Negara report: account suspicious activity, verify sh0pee-help.net",SCAM
"Customs hold parcel, pay RM3045 release fee",SCAM
You datang lecture tak hari ni?,SAFE
Thanks bro tolong aku tadi,SAFE
"Investment crypto profit 200% guaranteed, join now sh0pee-help.net",SCAM
Jom makan dekat cafe kampus,SAFE
Assignment dah siap belum?,SAFE
"OTP needed to verify transaction, send cepat",SCAM
"Loan approved instant RM3815, send IC & bank details",SCAM
"Bank kau kena block, click link ni cepat bank-secure.com/login",SCAM
Assignment dah siap belum?,SAFE
"OTP needed to verify transaction, send cepat",SCAM
"Your email hacked, reset password immediately bit.ly/verify",SCAM
Aku lambat sikit traffic jam,SAFE
Let’s study together for exam,SAFE
Aku dah hantar report tu,SAFE
Let’s study together for exam,SAFE
Kita jumpa esok kelas 10am,SAFE
Aku dah hantar report tu,SAFE
"Job part time RM1569/day, no experience needed, join link sh0pee-help.net",SCAM
"Good morning bro, bangun cepat",SAFE
Where are you now bro?,SAFE
Dinner rumah mak malam ni,SAFE
"Free RM4176 voucher, claim sekarang bit.ly/verify",SCAM
"Account anda akan dibekukan segera, verify sekarang sh0pee-help.net",SCAM
"TNG eWallet kena suspend, login untuk aktifkan sh0pee-help.net",SCAM
"Shopee parcel stuck kastam, bayar RM3127 untuk release",SCAM
"You win RM4608 cash, claim now sebelum expired",SCAM
"We detected login from Nigeria, confirm identity bit.ly/verify",SCAM
Weh kau free tak malam ni?,SAFE
Dinner rumah mak malam ni,SAFE
Call aku nanti free,SAFE
"You win RM4003 cash, claim now sebelum expired",SCAM
"Customs hold parcel, pay RM3232 release fee",SCAM
Thanks bro tolong aku tadi,SAFE
"Good morning bro, bangun cepat",SAFE
"Investment crypto profit 200% guaranteed, join now bank-secure.com/login",SCAM
Aku lambat sikit traffic jam,SAFE
"Free RM2490 voucher, claim sekarang bit.ly/verify",SCAM
Aku dah hantar report tu,SAFE
Assignment dah siap belum?,SAFE
"Loan approved instant RM1392, send IC & bank details",SCAM
Aku tengah buat project AI ni,SAFE
"Bank Negara report: account suspicious activity, verify bank-secure.com/login",SCAM
"Job part time RM2551/day, no experience needed, join link tng-update.com",SCAM
Call aku nanti free,SAFE
"Customs hold parcel, pay RM374 release fee",SCAM
"OTP needed to verify transaction, send cepat",SCAM
"We detected login from Unknown, confirm identity bank-secure.com/login",SCAM
Aku lambat sikit traffic jam,SAFE
Thanks bro tolong aku tadi,SAFE
"Account anda akan dibekukan segera, verify sekarang bit.ly/verify",SCAM
"Customs hold parcel, pay RM1368 release fee",SCAM
"OTP needed to verify transaction, send cepat",SCAM
Dinner rumah mak malam ni,SAFE
"Police report: you involved in case, contact urgent bit.ly/verify",SCAM
Aku lambat sikit traffic jam,SAFE
"Loan approved instant RM3656, send IC & bank details",SCAM
"Free RM2815 voucher, claim sekarang bank-secure.com/login",SCAM
"Police report: you involved in case, contact urgent bank-secure.com/login",SCAM
"Bank Negara report: account suspicious activity, verify bit.ly/verify",SCAM
Kita jumpa esok kelas 10am,SAFE
Where are you now bro?,SAFE
Weh kau free tak malam ni?,SAFE
Aku dah hantar report tu,SAFE
"Bank kau kena block, click link ni cepat bank-secure.com/login",SCAM
"Customs hold parcel, pay RM1455 release fee",SCAM
Let’s study together for exam,SAFE
Aku tengah buat project AI ni,SAFE
"Your email hacked, reset password immediately bit.ly/verify",SCAM
"Shopee parcel stuck kastam, bayar RM479 untuk release",SCAM
"Customs hold parcel, pay RM4268 release fee",SCAM
Apa plan weekend ni?,SAFE
"TNG eWallet kena suspend, login untuk aktifkan tng-update.com",SCAM
"Good morning bro, bangun cepat",SAFE
Aku lambat sikit traffic jam,SAFE
Kita jumpa esok kelas 10am,SAFE
Jom makan dekat cafe kampus,SAFE
Call aku nanti free,SAFE
Dinner rumah mak malam ni,SAFE
Weh kau free tak malam ni?,SAFE
"TNG eWallet kena suspend, login untuk aktifkan bank-secure.com/login",SCAM
"TNG eWallet kena suspend, login untuk aktifkan bank-secure.com/login",SCAM
"Bank kau kena block, click link ni cepat bit.ly/verify",SCAM
Thanks bro tolong aku tadi,SAFE
Assignment dah siap belum?,SAFE
Thanks bro tolong aku tadi,SAFE
Kita jumpa esok kelas 10am,SAFE
Where are you now bro?,SAFE
"Police report: you involved in case, contact urgent tng-update.com",SCAM
"Bank kau kena block, click link ni cepat bit.ly/verify",SCAM
Aku tengah buat project AI ni,SAFE
Thanks bro tolong aku tadi,SAFE
Aku lambat sikit traffic jam,SAFE
Assignment dah siap belum?,SAFE
"Job part time RM2156/day, no experience needed, join link sh0pee-help.net",SCAM
"Shopee parcel stuck kastam, bayar RM4862 untuk release",SCAM
"Account anda akan dibekukan segera, verify sekarang bit.ly/verify",SCAM
Aku lambat sikit traffic jam,SAFE
You datang lecture tak hari ni?,SAFE
Aku dah hantar report tu,SAFE
"Loan approved instant RM2962, send IC & bank details",SCAM
Aku lambat sikit traffic jam,SAFE
Thanks bro tolong aku tadi,SAFE
"Police report: you involved in case, contact urgent bank-secure.com/login",SCAM
Call aku nanti free,SAFE
"Police report: you involved in case, contact urgent sh0pee-help.net",SCAM
Kita jumpa esok kelas 10am,SAFE
Let’s study together for exam,SAFE
"You win RM1787 cash, claim now sebelum expired",SCAM
Assignment dah siap belum?,SAFE
Where are you now bro?,SAFE
Assignment dah siap belum?,SAFE
"OTP needed to verify transaction, send cepat",SCAM
"TNG eWallet kena suspend, login untuk aktifkan sh0pee-help.net",SCAM
Apa plan weekend ni?,SAFE
"Loan approved instant RM1753, send IC & bank details",SCAM
Apa plan weekend ni?,SAFE
You datang lecture tak hari ni?,SAFE
"Loan approved instant RM2261, send IC & bank details",SCAM
You datang lecture tak hari ni?,SAFE
"TNG eWallet kena suspend, login untuk aktifkan bit.ly/verify",SCAM
Assignment dah siap belum?,SAFE
"Bank Negara report: account suspicious activity, verify tng-update.com",SCAM
"OTP needed to verify transaction, send cepat",SCAM
"We detected login from India, confirm identity tng-update.com",SCAM
Jom makan dekat cafe kampus,SAFE
"Free RM3926 voucher, claim sekarang sh0pee-help.net",SCAM
"TNG eWallet kena suspend, login untuk aktifkan sh0pee-help.net",SCAM
"Account anda akan dibekukan segera, verify sekarang bit.ly/verify",SCAM
Call aku nanti free,SAFE
"We detected login from Nigeria, confirm identity bank-secure.com/login",SCAM
Jom makan dekat cafe kampus,SAFE
"Customs hold parcel, pay RM3134 release fee",SCAM
Let’s study together for exam,SAFE
Jom makan dekat cafe kampus,SAFE
"Customs hold parcel, pay RM1631 release fee",SCAM
Let’s study together for exam,SAFE
Where are you now bro?,SAFE
Assignment dah siap belum?,SAFE
"You win RM1695 cash, claim now sebelum expired",SCAM
"OTP needed to verify transaction, send cepat",SCAM
"OTP needed to verify transaction, send cepat",SCAM
"Customs hold parcel, pay RM3585 release fee",SCAM
Jom makan dekat cafe kampus,SAFE
"Your email hacked, reset password immediately bank-secure.com/login",SCAM
"We detected login from Nigeria, confirm identity sh0pee-help.net",SCAM
Aku dah hantar report tu,SAFE
"Your email hacked, reset password immediately bank-secure.com/login",SCAM
"Shopee parcel stuck kastam, bayar RM602 untuk release",SCAM
"Loan approved instant RM2494, send IC & bank details",SCAM
"Job part time RM1636/day, no experience needed, join link bank-secure.com/login",SCAM
Let’s study together for exam,SAFE
Aku tengah buat project AI ni,SAFE
Weh kau free tak malam ni?,SAFE
"Free RM4873 voucher, claim sekarang bit.ly/verify",SCAM
"Shopee parcel stuck kastam, bayar RM843 untuk release",SCAM
Apa plan weekend ni?,SAFE
Assignment dah siap belum?,SAFE
"Good morning bro, bangun cepat",SAFE
"Free RM2702 voucher, claim sekarang bank-secure.com/login",SCAM
"Shopee parcel stuck kastam, bayar RM3627 untuk release",SCAM
Where are you now bro?,SAFE
"Account anda akan dibekukan segera, verify sekarang bit.ly/verify",SCAM
"Loan approved instant RM1101, send IC & bank details",SCAM
"We detected login from Unknown, confirm identity sh0pee-help.net",SCAM
Apa plan weekend ni?,SAFE
"Loan approved instant RM1230, send IC & bank details",SCAM
"Investment crypto profit 200% guaranteed, join now sh0pee-help.net",SCAM
Thanks bro tolong aku tadi,SAFE
Thanks bro tolong aku tadi,SAFE
Where are you now bro?,SAFE
Weh kau free tak malam ni?,SAFE
"TNG eWallet kena suspend, login untuk aktifkan sh0pee-help.net",SCAM
Apa plan weekend ni?,SAFE
"Bank kau kena block, click link ni cepat tng-update.com",SCAM
Aku dah hantar report tu,SAFE
"Bank Negara report: account suspicious activity, verify bit.ly/verify",SCAM
Assignment dah siap belum?,SAFE
"TNG eWallet kena suspend, login untuk aktifkan bit.ly/verify",SCAM
"Account anda akan dibekukan segera, verify sekarang bank-secure.com/login",SCAM
You datang lecture tak hari ni?,SAFE
You datang lecture tak hari ni?,SAFE
Where are you now bro?,SAFE
"Your email hacked, reset password immediately sh0pee-help.net",SCAM
Call aku nanti free,SAFE
You datang lecture tak hari ni?,SAFE
"OTP needed to verify transaction, send cepat",SCAM
"Bank Negara report: account suspicious activity, verify sh0pee-help.net",SCAM
"Free RM4115 voucher, claim sekarang tng-update.com",SCAM
"Good morning bro, bangun cepat",SAFE
Thanks bro tolong aku tadi,SAFE
Weh kau free tak malam ni?,SAFE
Aku tengah buat project AI ni,SAFE
"We detected login from India, confirm identity tng-update.com",SCAM
"We detected login from Philippines, confirm identity sh0pee-help.net",SCAM
"Job part time RM2440/day, no experience needed, join link tng-update.com",SCAM
"Account anda akan dibekukan segera, verify sekarang bit.ly/verify",SCAM
Let’s study together for exam,SAFE
"Good morning bro, bangun cepat",SAFE
Kita jumpa esok kelas 10am,SAFE
"We detected login from India, confirm identity sh0pee-help.net",SCAM
"Customs hold parcel, pay RM164 release fee",SCAM
"We detected login from Philippines, confirm identity bit.ly/verify",SCAM
Assignment dah siap belum?,SAFE
"Good morning bro, bangun cepat",SAFE
Aku lambat sikit traffic jam,SAFE
"Free RM4744 voucher, claim sekarang tng-update.com",SCAM
"You win RM2798 cash, claim now sebelum expired",SCAM
"Good morning bro, bangun cepat",SAFE
"Loan approved instant RM4395, send IC & bank details",SCAM
"Loan approved instant RM480, send IC & bank details",SCAM
"Bank Negara report: account suspicious activity, verify tng-update.com",SCAM
Assignment dah siap belum?,SAFE
"Job part time RM1141/day, no experience needed, join link bit.ly/verify",SCAM
Aku dah hantar report tu,SAFE
"Shopee parcel stuck kastam, bayar RM1577 untuk release",SCAM
Call aku nanti free,SAFE
"Your email hacked, reset password immediately tng-update.com",SCAM
Assignment dah siap belum?,SAFE
"Free RM1234 voucher, claim sekarang tng-update.com",SCAM
Weh kau free tak malam ni?,SAFE
"Bank kau kena block, click link ni cepat bit.ly/verify",SCAM
"Bank kau kena block, click link ni cepat sh0pee-help.net",SCAM
Thanks bro tolong aku tadi,SAFE
Let’s study together for exam,SAFE
"You win RM4938 cash, claim now sebelum expired",SCAM
"TNG eWallet kena suspend, login untuk aktifkan bit.ly/verify",SCAM
"We detected login from India, confirm identity bit.ly/verify",SCAM
"Bank Negara report: account suspicious activity, verify tng-update.com",SCAM
"Shopee parcel stuck kastam, bayar RM2156 untuk release",SCAM
"You win RM1230 cash, claim now sebelum expired",SCAM
Call aku nanti free,SAFE
Weh kau free tak malam ni?,SAFE
"We detected login from Nigeria, confirm identity sh0pee-help.net",SCAM
"TNG eWallet kena suspend, login untuk aktifkan tng-update.com",SCAM
Weh kau free tak malam ni?,SAFE
"Your email hacked, reset password immediately bank-secure.com/login",SCAM
Aku tengah buat project AI ni,SAFE
Assignment dah siap belum?,SAFE
You datang lecture tak hari ni?,SAFE
You datang lecture tak hari ni?,SAFE
"Shopee parcel stuck kastam, bayar RM1853 untuk release",SCAM
You datang lecture tak hari ni?,SAFE
Where are you now bro?,SAFE
"Investment crypto profit 200% guaranteed, join now sh0pee-help.net",SCAM
"Bank kau kena block, click link ni cepat bit.ly/verify",SCAM
Where are you now bro?,SAFE
"You win RM3449 cash, claim now sebelum expired",SCAM
Kita jumpa esok kelas 10am,SAFE
Kita jumpa esok kelas 10am,SAFE
"Investment crypto profit 200% guaranteed, join now bank-secure.com/login",SCAM
"Job part time RM337/day, no experience needed, join link tng-update.com",SCAM
Let’s study together for exam,SAFE
Weh kau free tak malam ni?,SAFE
Aku dah hantar report tu,SAFE
Dinner rumah mak malam ni,SAFE
"OTP needed to verify transaction, send cepat",SCAM
Jom makan dekat cafe kampus,SAFE
Aku dah hantar report tu,SAFE
"Free RM2978 voucher, claim sekarang sh0pee-help.net",SCAM
Let’s study together for exam,SAFE
"You win RM3651 cash, claim now sebelum expired",SCAM
Dinner rumah mak malam ni,SAFE
Where are you now bro?,SAFE
Let’s study together for exam,SAFE
Aku tengah buat project AI ni,SAFE
"OTP needed to verify transaction, send cepat",SCAM
Jom makan dekat cafe kampus,SAFE
"Police report: you involved in case, contact urgent bit.ly/verify",SCAM
Call aku nanti free,SAFE
"Account anda akan dibekukan segera, verify sekarang sh0pee-help.net",SCAM
Kita jumpa esok kelas 10am,SAFE
"Bank kau kena block, click link ni cepat tng-update.com",SCAM
"You win RM174 cash, claim now sebelum expired",SCAM
"Good morning bro, bangun cepat",SAFE
"Shopee parcel stuck kastam, bayar RM2682 untuk release",SCAM
Kita jumpa esok kelas 10am,SAFE
Where are you now bro?,SAFE
Call aku nanti free,SAFE
"Police report: you involved in case, contact urgent bank-secure.com/login",SCAM
"Your email hacked, reset password immediately sh0pee-help.net",SCAM
Aku tengah buat project AI ni,SAFE
Where are you now bro?,SAFE
Aku dah hantar report tu,SAFE
Aku lambat sikit traffic jam,SAFE
"Account anda akan dibekukan segera, verify sekarang bit.ly/verify",SCAM
"Good morning bro, bangun cepat",SAFE
"Investment crypto profit 200% guaranteed, join now tng-update.com",SCAM
Aku lambat sikit traffic jam,SAFE
"Police report: you involved in case, contact urgent bank-secure.com/login",SCAM
Where are you now bro?,SAFE
You datang lecture tak hari ni?,SAFE
"You win RM2752 cash, claim now sebelum expired",SCAM
Assignment dah siap belum?,SAFE
"Your email hacked, reset password immediately sh0pee-help.net",SCAM
"Investment crypto profit 200% guaranteed, join now bank-secure.com/login",SCAM
"Investment crypto profit 200% guaranteed, join now bit.ly/verify",SCAM
"You win RM4789 cash, claim now sebelum expired",SCAM
"Bank Negara report: account suspicious activity, verify bit.ly/verify",SCAM
Apa plan weekend ni?,SAFE
"We detected login from Philippines, confirm identity tng-update.com",SCAM
Aku dah hantar report tu,SAFE
Apa plan weekend ni?,SAFE
Let’s study together for exam,SAFE
"Customs hold parcel, pay RM1414 release fee",SCAM
Weh kau free tak malam ni?,SAFE
"Police report: you involved in case, contact urgent bank-secure.com/login",SCAM
"Good morning bro, bangun cepat",SAFE
"Shopee parcel stuck kastam, bayar RM3849 untuk release",SCAM
"Police report: you involved in case, contact urgent bit.ly/verify",SCAM
"We detected login from India, confirm identity bank-secure.com/login",SCAM
Call aku nanti free,SAFE
Where are you now bro?,SAFE
Weh kau free tak malam ni?,SAFE
"TNG eWallet kena suspend, login untuk aktifkan bit.ly/verify",SCAM
"You win RM1522 cash, claim now sebelum expired",SCAM
"OTP needed to verify transaction, send cepat",SCAM
"Account anda akan dibekukan segera, verify sekarang sh0pee-help.net",SCAM
"TNG eWallet kena suspend, login untuk aktifkan sh0pee-help.net",SCAM
Aku lambat sikit traffic jam,SAFE
"Loan approved instant RM623, send IC & bank details",SCAM
Dinner rumah mak malam ni,SAFE
"We detected login from Philippines, confirm identity bank-secure.com/login",SCAM
Weh kau free tak malam ni?,SAFE
Apa plan weekend ni?,SAFE
Call aku nanti free,SAFE
Dinner rumah mak malam ni,SAFE
Dinner rumah mak malam ni,SAFE
"Bank kau kena block, click link ni cepat bank-secure.com/login",SCAM
Let’s study together for exam,SAFE
"Customs hold parcel, pay RM4474 release fee",SCAM
"Shopee parcel stuck kastam, bayar RM1149 untuk release",SCAM
Aku lambat sikit traffic jam,SAFE
"Police report: you involved in case, contact urgent tng-update.com",SCAM
Kita jumpa esok kelas 10am,SAFE
Dinner rumah mak malam ni,SAFE
Apa plan weekend ni?,SAFE
"Investment crypto profit 200% guaranteed, join now tng-update.com",SCAM
"Your email hacked, reset password immediately bit.ly/verify",SCAM
"Customs hold parcel, pay RM4951 release fee",SCAM
Assignment dah siap belum?,SAFE
"Bank Negara report: account suspicious activity, verify bank-secure.com/login",SCAM
"Investment crypto profit 200% guaranteed, join now sh0pee-help.net",SCAM
"We detected login from Unknown, confirm identity tng-update.com",SCAM
"Good morning bro, bangun cepat",SAFE
"You win RM2541 cash, claim now sebelum expired",SCAM
Weh kau free tak malam ni?,SAFE
"Free RM3987 voucher, claim sekarang bank-secure.com/login",SCAM
"Bank Negara report: account suspicious activity, verify sh0pee-help.net",SCAM
Aku tengah buat project AI ni,SAFE
"TNG eWallet kena suspend, login untuk aktifkan tng-update.com",SCAM
Let’s study together for exam,SAFE
Let’s study together for exam,SAFE
"Loan approved instant RM1561, send IC & bank details",SCAM
"Bank Negara report: account suspicious activity, verify tng-update.com",SCAM
"Your email hacked, reset password immediately tng-update.com",SCAM
"Bank Negara report: account suspicious activity, verify bit.ly/verify",SCAM
Aku dah hantar report tu,SAFE
Kita jumpa esok kelas 10am,SAFE
"TNG eWallet kena suspend, login untuk aktifkan sh0pee-help.net",SCAM
"Your email hacked, reset password immediately bit.ly/verify",SCAM
"Bank Negara report: account suspicious activity, verify tng-update.com",SCAM
Let’s study together for exam,SAFE
Aku dah hantar report tu,SAFE
"Your email hacked, reset password immediately bit.ly/verify",SCAM
Weh kau free tak malam ni?,SAFE
Aku tengah buat project AI ni,SAFE
"Account anda akan dibekukan segera, verify sekarang bit.ly/verify",SCAM
"TNG eWallet kena suspend, login untuk aktifkan bank-secure.com/login",SCAM
"Bank kau kena block, click link ni cepat sh0pee-help.net",SCAM
Where are you now bro?,SAFE
"Customs hold parcel, pay RM1558 release fee",SCAM
"Job part time RM2789/day, no experience needed, join link tng-update.com",SCAM
You datang lecture tak hari ni?,SAFE
Assignment dah siap belum?,SAFE
"TNG eWallet kena suspend, login untuk aktifkan sh0pee-help.net",SCAM
"Good morning bro, bangun cepat",SAFE
Assignment dah siap belum?,SAFE
Apa plan weekend ni?,SAFE
"Your email hacked, reset password immediately bank-secure.com/login",SCAM
"TNG eWallet kena suspend, login untuk aktifkan sh0pee-help.net",SCAM
Let’s study together for exam,SAFE
"OTP needed to verify transaction, send cepat",SCAM
"Loan approved instant RM2608, send IC & bank details",SCAM
Jom makan dekat cafe kampus,SAFE
Weh kau free tak malam ni?,SAFE
"Account anda akan dibekukan segera, verify sekarang tng-update.com",SCAM
"Police report: you involved in case, contact urgent tng-update.com",SCAM
"OTP needed to verify transaction, send cepat",SCAM
Aku dah hantar report tu,SAFE
"OTP needed to verify transaction, send cepat",SCAM
"OTP needed to verify transaction, send cepat",SCAM
"We detected login from Nigeria, confirm identity sh0pee-help.net",SCAM
You datang lecture tak hari ni?,SAFE
Aku tengah buat project AI ni,SAFE
Thanks bro tolong aku tadi,SAFE
"We detected login from India, confirm identity bank-secure.com/login",SCAM
Aku tengah buat project AI ni,SAFE
"Loan approved instant RM2002, send IC & bank details",SCAM
"Account anda akan dibekukan segera, verify sekarang bank-secure.com/login",SCAM
You datang lecture tak hari ni?,SAFE
"Account anda akan dibekukan segera, verify sekarang bit.ly/verify",SCAM
Assignment dah siap belum?,SAFE
"Free RM665 voucher, claim sekarang sh0pee-help.net",SCAM
"Job part time RM1047/day, no experience needed, join link bit.ly/verify",SCAM
Call aku nanti free,SAFE
"Free RM1491 voucher, claim sekarang sh0pee-help.net",SCAM
Aku tengah buat project AI ni,SAFE
"Investment crypto profit 200% guaranteed, join now bank-secure.com/login",SCAM
Dinner rumah mak malam ni,SAFE
"Shopee parcel stuck kastam, bayar RM1915 untuk release",SCAM
Let’s study together for exam,SAFE
Aku dah hantar report tu,SAFE
"Account anda akan dibekukan segera, verify sekarang bit.ly/verify",SCAM
You datang lecture tak hari ni?,SAFE
Let’s study together for exam,SAFE
"Bank Negara report: account suspicious activity, verify sh0pee-help.net",SCAM
"Bank Negara report: account suspicious activity, verify sh0pee-help.net",SCAM
"Customs hold parcel, pay RM4465 release fee",SCAM
Kita jumpa esok kelas 10am,SAFE
Aku lambat sikit traffic jam,SAFE
"You win RM3827 cash, claim now sebelum expired",SCAM
"Customs hold parcel, pay RM1260 release fee",SCAM
"Account anda akan dibekukan segera, verify sekarang sh0pee-help.net",SCAM
"Good morning bro, bangun cepat",SAFE
"Free RM299 voucher, claim sekarang sh0pee-help.net",SCAM
Jom makan dekat cafe kampus,SAFE
"OTP needed to verify transaction, send cepat",SCAM
"TNG eWallet kena suspend, login untuk aktifkan tng-update.com",SCAM
Let’s study together for exam,SAFE
"Bank Negara report: account suspicious activity, verify tng-update.com",SCAM
"Good morning bro, bangun cepat",SAFE
You datang lecture tak hari ni?,SAFE
Assignment dah siap belum?,SAFE
"Job part time RM2348/day, no experience needed, join link tng-update.com",SCAM
"Free RM3777 voucher, claim sekarang sh0pee-help.net",SCAM
Weh kau free tak malam ni?,SAFE
Aku dah hantar report tu,SAFE
"Your email hacked, reset password immediately bit.ly/verify",SCAM
"Investment crypto profit 200% guaranteed, join now bit.ly/verify",SCAM
"Free RM1482 voucher, claim sekarang sh0pee-help.net",SCAM
"Free RM1666 voucher, claim sekarang bit.ly/verify",SCAM
Call aku nanti free,SAFE
Let’s study together for exam,SAFE
Aku tengah buat project AI ni,SAFE
Aku dah hantar report tu,SAFE
You datang lecture tak hari ni?,SAFE
"OTP needed to verify transaction, send cepat",SCAM
Thanks bro tolong aku tadi,SAFE
"Police report: you involved in case, contact urgent bit.ly/verify",SCAM
Weh kau free tak malam ni?,SAFE
"Account anda akan dibekukan segera, verify sekarang tng-update.com",SCAM
"TNG eWallet kena suspend, login untuk aktifkan sh0pee-help.net",SCAM
Aku tengah buat project AI ni,SAFE
Aku tengah buat project AI ni,SAFE
Kita jumpa esok kelas 10am,SAFE
"Bank Negara report: account suspicious activity, verify tng-update.com",SCAM
"You win RM1520 cash, claim now sebelum expired",SCAM
Aku tengah buat project AI ni,SAFE
"OTP needed to verify transaction, send cepat",SCAM
Jom makan dekat cafe kampus,SAFE
"Account anda akan dibekukan segera, verify sekarang sh0pee-help.net",SCAM
Let’s study together for exam,SAFE
"Bank kau kena block, click link ni cepat bank-secure.com/login",SCAM
Aku dah hantar report tu,SAFE
"Police report: you involved in case, contact urgent bank-secure.com/login",SCAM
Kita jumpa esok kelas 10am,SAFE
"You win RM4713 cash, claim now sebelum expired",SCAM
"Investment crypto profit 200% guaranteed, join now bank-secure.com/login",SCAM
"Free RM2582 voucher, claim sekarang bit.ly/verify",SCAM
"TNG eWallet kena suspend, login untuk aktifkan sh0pee-help.net",SCAM
"Shopee parcel stuck kastam, bayar RM2591 untuk release",SCAM
Assignment dah siap belum?,SAFE
"Police report: you involved in case, contact urgent bank-secure.com/login",SCAM
Let’s study together for exam,SAFE
"We detected login from Philippines, confirm identity sh0pee-help.net",SCAM
Aku lambat sikit traffic jam,SAFE
"Police report: you involved in case, contact urgent tng-update.com",SCAM
Apa plan weekend ni?,SAFE
"You win RM2445 cash, claim now sebelum expired",SCAM
Aku lambat sikit traffic jam,SAFE
"We detected login from India, confirm identity tng-update.com",SCAM
Where are you now bro?,SAFE
"Bank Negara report: account suspicious activity, verify bit.ly/verify",SCAM
Thanks bro tolong aku tadi,SAFE
Kita jumpa esok kelas 10am,SAFE
"Account anda akan dibekukan segera, verify sekarang tng-update.com",SCAM
Jom makan dekat cafe kampus,SAFE
Where are you now bro?,SAFE
"Police report: you involved in case, contact urgent tng-update.com",SCAM
"Job part time RM3429/day, no experience needed, join link bit.ly/verify",SCAM
"TNG eWallet kena suspend, login untuk aktifkan tng-update.com",SCAM
"Investment crypto profit 200% guaranteed, join now bit.ly/verify",SCAM
"Your email hacked, reset password immediately sh0pee-help.net",SCAM
"Police report: you involved in case, contact urgent sh0pee-help.net",SCAM
"Free RM1372 voucher, claim sekarang tng-update.com",SCAM
"Customs hold parcel, pay RM1495 release fee",SCAM
"Job part time RM3867/day, no experience needed, join link tng-update.com",SCAM
Aku tengah buat project AI ni,SAFE
Aku lambat sikit traffic jam,SAFE
Weh kau free tak malam ni?,SAFE
"Good morning bro, bangun cepat",SAFE
"Loan approved instant RM1973, send IC & bank details",SCAM
"Police report: you involved in case, contact urgent sh0pee-help.net",SCAM
"Account anda akan dibekukan segera, verify sekarang bank-secure.com/login",SCAM
"Investment crypto profit 200% guaranteed, join now sh0pee-help.net",SCAM
Dinner rumah mak malam ni,SAFE
"TNG eWallet kena suspend, login untuk aktifkan tng-update.com",SCAM
"You win RM1564 cash, claim now sebelum expired",SCAM
"Shopee parcel stuck kastam, bayar RM4538 untuk release",SCAM
Dinner rumah mak malam ni,SAFE
"Good morning bro, bangun cepat",SAFE
Aku dah hantar report tu,SAFE
You datang lecture tak hari ni?,SAFE
Call aku nanti free,SAFE
Kita jumpa esok kelas 10am,SAFE
"Bank kau kena block, click link ni cepat tng-update.com",SCAM
Aku dah hantar report tu,SAFE
Kita jumpa esok kelas 10am,SAFE
"Your email hacked, reset password immediately tng-update.com",SCAM
Call aku nanti free,SAFE
Thanks bro tolong aku tadi,SAFE
Jom makan dekat cafe kampus,SAFE
Let’s study together for exam,SAFE
"Free RM2961 voucher, claim sekarang bank-secure.com/login",SCAM
Aku tengah buat project AI ni,SAFE
"Police report: you involved in case, contact urgent bit.ly/verify",SCAM
Jom makan dekat cafe kampus,SAFE
Call aku nanti free,SAFE
"Job part time RM817/day, no experience needed, join link tng-update.com",SCAM
Call aku nanti free,SAFE
"TNG eWallet kena suspend, login untuk aktifkan tng-update.com",SCAM
"Account anda akan dibekukan segera, verify sekarang bank-secure.com/login",SCAM
Kita jumpa esok kelas 10am,SAFE
"Bank kau kena block, click link ni cepat sh0pee-help.net",SCAM
Assignment dah siap belum?,SAFE
Aku lambat sikit traffic jam,SAFE
"Bank Negara report: account suspicious activity, verify bit.ly/verify",SCAM
"Investment crypto profit 200% guaranteed, join now bit.ly/verify",SCAM
"You win RM3426 cash, claim now sebelum expired",SCAM
"Shopee parcel stuck kastam, bayar RM1232 untuk release",SCAM
"You win RM1428 cash, claim now sebelum expired",SCAM
"Shopee parcel stuck kastam, bayar RM1909 untuk release",SCAM
"Account anda akan dibekukan segera, verify sekarang sh0pee-help.net",SCAM
Call aku nanti free,SAFE
"Free RM4585 voucher, claim sekarang bank-secure.com/login",SCAM
"Loan approved instant RM819, send IC & bank details",SCAM
"Police report: you involved in case, contact urgent sh0pee-help.net",SCAM
Call aku nanti free,SAFE
"Police report: you involved in case, contact urgent tng-update.com",SCAM
Jom makan dekat cafe kampus,SAFE
Aku lambat sikit traffic jam,SAFE
"Your email hacked, reset password immediately sh0pee-help.net",SCAM
Thanks bro tolong aku tadi,SAFE
"Free RM2722 voucher, claim sekarang tng-update.com",SCAM
Dinner rumah mak malam ni,SAFE
Call aku nanti free,SAFE
Call aku nanti free,SAFE
"Investment crypto profit 200% guaranteed, join now tng-update.com",SCAM
"Job part time RM310/day, no experience needed, join link tng-update.com",SCAM
Call aku nanti free,SAFE
Aku tengah buat project AI ni,SAFE
Aku tengah buat project AI ni,SAFE
Thanks bro tolong aku tadi,SAFE
"Investment crypto profit 200% guaranteed, join now tng-update.com",SCAM
"Your email hacked, reset password immediately tng-update.com",SCAM
"Customs hold parcel, pay RM3925 release fee",SCAM
"Your email hacked, reset password immediately sh0pee-help.net",SCAM
"TNG eWallet kena suspend, login untuk aktifkan sh0pee-help.net",SCAM
"Police report: you involved in case, contact urgent sh0pee-help.net",SCAM
"Shopee parcel stuck kastam, bayar RM123 untuk release",SCAM
Dinner rumah mak malam ni,SAFE
Aku dah hantar report tu,SAFE
"Job part time RM943/day, no experience needed, join link tng-update.com",SCAM
You datang lecture tak hari ni?,SAFE
"Loan approved instant RM4313, send IC & bank details",SCAM
"Good morning bro, bangun cepat",SAFE
"Bank kau kena block, click link ni cepat sh0pee-help.net",SCAM
"Account anda akan dibekukan segera, verify sekarang bank-secure.com/login",SCAM
Let’s study together for exam,SAFE
"Customs hold parcel, pay RM3808 release fee",SCAM
Thanks bro tolong aku tadi,SAFE
Dinner rumah mak malam ni,SAFE
You datang lecture tak hari ni?,SAFE
"Good morning bro, bangun cepat",SAFE
"Investment crypto profit 200% guaranteed, join now tng-update.com",SCAM
"Account anda akan dibekukan segera, verify sekarang bit.ly/verify",SCAM
"Good morning bro, bangun cepat",SAFE
"TNG eWallet kena suspend, login untuk aktifkan tng-update.com",SCAM
Apa plan weekend ni?,SAFE
"Bank kau kena block, click link ni cepat sh0pee-help.net",SCAM
"Investment crypto profit 200% guaranteed, join now sh0pee-help.net",SCAM
"Account anda akan dibekukan segera, verify sekarang bit.ly/verify",SCAM
"Investment crypto profit 200% guaranteed, join now sh0pee-help.net",SCAM
"Police report: you involved in case, contact urgent tng-update.com",SCAM
"Customs hold parcel, pay RM2409 release fee",SCAM
Jom makan dekat cafe kampus,SAFE
Assignment dah siap belum?,SAFE
Aku dah hantar report tu,SAFE
Aku lambat sikit traffic jam,SAFE
"OTP needed to verify transaction, send cepat",SCAM
"We detected login from India, confirm identity tng-update.com",SCAM
"Job part time RM2818/day, no experience needed, join link sh0pee-help.net",SCAM
"Account anda akan dibekukan segera, verify sekarang bit.ly/verify",SCAM
"OTP needed to verify transaction, send cepat",SCAM
"Bank Negara report: account suspicious activity, verify tng-update.com",SCAM
"Loan approved instant RM3619, send IC & bank details",SCAM
"Police report: you involved in case, contact urgent tng-update.com",SCAM
"Loan approved instant RM851, send IC & bank details",SCAM
"Bank Negara report: account suspicious activity, verify bit.ly/verify",SCAM
"Your email hacked, reset password immediately tng-update.com",SCAM
"We detected login from India, confirm identity tng-update.com",SCAM
Aku lambat sikit traffic jam,SAFE
Weh kau free tak malam ni?,SAFE
"Bank kau kena block, click link ni cepat bank-secure.com/login",SCAM
"Good morning bro, bangun cepat",SAFE
Weh kau free tak malam ni?,SAFE
Apa plan weekend ni?,SAFE
Aku dah hantar report tu,SAFE
"Bank Negara report: account suspicious activity, verify bit.ly/verify",SCAM
Jom makan dekat cafe kampus,SAFE
"Free RM4470 voucher, claim sekarang bit.ly/verify",SCAM
"Good morning bro, bangun cepat",SAFE
"We detected login from India, confirm identity tng-update.com",SCAM
"Police report: you involved in case, contact urgent tng-update.com",SCAM
"Free RM1053 voucher, claim sekarang bit.ly/verify",SCAM
Aku lambat sikit traffic jam,SAFE
"You win RM3782 cash, claim now sebelum expired",SCAM
"Free RM1129 voucher, claim sekarang bank-secure.com/login",SCAM
Let’s study together for exam,SAFE
Kita jumpa esok kelas 10am,SAFE
You datang lecture tak hari ni?,SAFE
Assignment dah siap belum?,SAFE
"Bank Negara report: account suspicious activity, verify bit.ly/verify",SCAM
"Investment crypto profit 200% guaranteed, join now sh0pee-help.net",SCAM
You datang lecture tak hari ni?,SAFE
Assignment dah siap belum?,SAFE
Aku lambat sikit traffic jam,SAFE
Let’s study together for exam,SAFE
"Customs hold parcel, pay RM1417 release fee",SCAM
"Shopee parcel stuck kastam, bayar RM3737 untuk release",SCAM
"You win RM3685 cash, claim now sebelum expired",SCAM
"We detected login from Unknown, confirm identity tng-update.com",SCAM
"Bank Negara report: account suspicious activity, verify tng-update.com",SCAM
"Your email hacked, reset password immediately sh0pee-help.net",SCAM
"Shopee parcel stuck kastam, bayar RM760 untuk release",SCAM
You datang lecture tak hari ni?,SAFE
Dinner rumah mak malam ni,SAFE
"We detected login from Nigeria, confirm identity bank-secure.com/login",SCAM
"Loan approved instant RM4059, send IC & bank details",SCAM
"Job part time RM3647/day, no experience needed, join link bit.ly/verify",SCAM
Aku lambat sikit traffic jam,SAFE
"Shopee parcel stuck kastam, bayar RM834 untuk release",SCAM
"Loan approved instant RM480, send IC & bank details",SCAM
Thanks bro tolong aku tadi,SAFE
You datang lecture tak hari ni?,SAFE
Aku dah hantar report tu,SAFE
Where are you now bro?,SAFE
"Bank Negara report: account suspicious activity, verify bit.ly/verify",SCAM
Thanks bro tolong aku tadi,SAFE
Jom makan dekat cafe kampus,SAFE
"Bank kau kena block, click link ni cepat tng-update.com",SCAM
"Investment crypto profit 200% guaranteed, join now bank-secure.com/login",SCAM
Thanks bro tolong aku tadi,SAFE
"We detected login from Unknown, confirm identity bank-secure.com/login",SCAM
Weh kau free tak malam ni?,SAFE
"Account anda akan dibekukan segera, verify sekarang bank-secure.com/login",SCAM
"TNG eWallet kena suspend, login untuk aktifkan sh0pee-help.net",SCAM
Let’s study together for exam,SAFE
Dinner rumah mak malam ni,SAFE
Dinner rumah mak malam ni,SAFE
You datang lecture tak hari ni?,SAFE
Aku tengah buat project AI ni,SAFE
"Shopee parcel stuck kastam, bayar RM2035 untuk release",SCAM
Weh kau free tak malam ni?,SAFE
"Your email hacked, reset password immediately bit.ly/verify",SCAM
"Free RM2565 voucher, claim sekarang bank-secure.com/login",SCAM
Apa plan weekend ni?,SAFE
Call aku nanti free,SAFE
"Account anda akan dibekukan segera, verify sekarang bank-secure.com/login",SCAM
"Good morning bro, bangun cepat",SAFE
Weh kau free tak malam ni?,SAFE
"Bank kau kena block, click link ni cepat sh0pee-help.net",SCAM
Aku lambat sikit traffic jam,SAFE
Weh kau free tak malam ni?,SAFE
"Good morning bro, bangun cepat",SAFE
"Job part time RM1496/day, no experience needed, join link sh0pee-help.net",SCAM
"Investment crypto profit 200% guaranteed, join now bank-secure.com/login",SCAM
Kita jumpa esok kelas 10am,SAFE
Aku lambat sikit traffic jam,SAFE
Thanks bro tolong aku tadi,SAFE
Weh kau free tak malam ni?,SAFE
Aku lambat sikit traffic jam,SAFE
"Free RM2494 voucher, claim sekarang sh0pee-help.net",SCAM
"Bank kau kena block, click link ni cepat bit.ly/verify",SCAM
Let’s study together for exam,SAFE
You datang lecture tak hari ni?,SAFE
Aku dah hantar report tu,SAFE
"You win RM3970 cash, claim now sebelum expired",SCAM
"Good morning bro, bangun cepat",SAFE
"You win RM3477 cash, claim now sebelum expired",SCAM
"Your email hacked, reset password immediately sh0pee-help.net",SCAM
"Account anda akan dibekukan segera, verify sekarang sh0pee-help.net",SCAM
"Customs hold parcel, pay RM1589 release fee",SCAM
"Good morning bro, bangun cepat",SAFE
Jom makan dekat cafe kampus,SAFE
"You win RM551 cash, claim now sebelum expired",SCAM
You datang lecture tak hari ni?,SAFE
Aku tengah buat project AI ni,SAFE
"TNG eWallet kena suspend, login untuk aktifkan bank-secure.com/login",SCAM
Where are you now bro?,SAFE
You datang lecture tak hari ni?,SAFE
Apa plan weekend ni?,SAFE
"Shopee parcel stuck kastam, bayar RM3392 untuk release",SCAM
"Bank Negara report: account suspicious activity, verify bit.ly/verify",SCAM
"Police report: you involved in case, contact urgent bit.ly/verify",SCAM
Aku dah hantar report tu,SAFE
Dinner rumah mak malam ni,SAFE
Weh kau free tak malam ni?,SAFE
"Police report: you involved in case, contact urgent bit.ly/verify",SCAM
"Police report: you involved in case, contact urgent sh0pee-help.net",SCAM
"TNG eWallet kena suspend, login untuk aktifkan bank-secure.com/login",SCAM
"You win RM4445 cash, claim now sebelum expired",SCAM
"Account anda akan dibekukan segera, verify sekarang bank-secure.com/login",SCAM
Apa plan weekend ni?,SAFE
Aku lambat sikit traffic jam,SAFE
Assignment dah siap belum?,SAFE
Assignment dah siap belum?,SAFE
"You win RM4019 cash, claim now sebelum expired",SCAM
"Investment crypto profit 200% guaranteed, join now bank-secure.com/login",SCAM
"TNG eWallet kena suspend, login untuk aktifkan bit.ly/verify",SCAM
Weh kau free tak malam ni?,SAFE
Jom makan dekat cafe kampus,SAFE
"Police report: you involved in case, contact urgent bank-secure.com/login",SCAM
"Bank Negara report: account suspicious activity, verify bank-secure.com/login",SCAM
Dinner rumah mak malam ni,SAFE
"Job part time RM2634/day, no experience needed, join link sh0pee-help.net",SCAM
"Free RM3532 voucher, claim sekarang tng-update.com",SCAM
"Bank kau kena block, click link ni cepat tng-update.com",SCAM
"Good morning bro, bangun cepat",SAFE
"Good morning bro, bangun cepat",SAFE
"Customs hold parcel, pay RM2071 release fee",SCAM
Aku dah hantar report tu,SAFE
"Shopee parcel stuck kastam, bayar RM1107 untuk release",SCAM
Let’s study together for exam,SAFE
You datang lecture tak hari ni?,SAFE
"Free RM2023 voucher, claim sekarang bit.ly/verify",SCAM
Assignment dah siap belum?,SAFE
"Investment crypto profit 200% guaranteed, join now sh0pee-help.net",SCAM
"Investment crypto profit 200% guaranteed, join now bit.ly/verify",SCAM
"Job part time RM2377/day, no experience needed, join link bank-secure.com/login",SCAM
"Your email hacked, reset password immediately bank-secure.com/login",SCAM
"TNG eWallet kena suspend, login untuk aktifkan sh0pee-help.net",SCAM
Aku lambat sikit traffic jam,SAFE
You datang lecture tak hari ni?,SAFE
Aku lambat sikit traffic jam,SAFE
Aku lambat sikit traffic jam,SAFE
"Bank Negara report: account suspicious activity, verify bank-secure.com/login",SCAM
Jom makan dekat cafe kampus,SAFE
"Loan approved instant RM1451, send IC & bank details",SCAM
"Investment crypto profit 200% guaranteed, join now tng-update.com",SCAM
"You win RM1922 cash, claim now sebelum expired",SCAM
Assignment dah siap belum?,SAFE
"Bank kau kena block, click link ni cepat bank-secure.com/login",SCAM
"Good morning bro, bangun cepat",SAFE
Apa plan weekend ni?,SAFE
Assignment dah siap belum?,SAFE
"Account anda akan dibekukan segera, verify sekarang bit.ly/verify",SCAM
"Bank Negara report: account suspicious activity, verify sh0pee-help.net",SCAM
"Bank kau kena block, click link ni cepat bank-secure.com/login",SCAM
"Police report: you involved in case, contact urgent bit.ly/verify",SCAM
Assignment dah siap belum?,SAFE
Where are you now bro?,SAFE
Weh kau free tak malam ni?,SAFE
"Bank kau kena block, click link ni cepat bit.ly/verify",SCAM
"We detected login from Nigeria, confirm identity bank-secure.com/login",SCAM
Aku dah hantar report tu,SAFE
"Your email hacked, reset password immediately tng-update.com",SCAM
"Free RM4790 voucher, claim sekarang tng-update.com",SCAM
Assignment dah siap belum?,SAFE
"Customs hold parcel, pay RM551 release fee",SCAM
You datang lecture tak hari ni?,SAFE
"Account anda akan dibekukan segera, verify sekarang sh0pee-help.net",SCAM
"Police report: you involved in case, contact urgent bit.ly/verify",SCAM
"Free RM1574 voucher, claim sekarang sh0pee-help.net",SCAM
You datang lecture tak hari ni?,SAFE
"Customs hold parcel, pay RM4571 release fee",SCAM
Thanks bro tolong aku tadi,SAFE
"Shopee parcel stuck kastam, bayar RM4449 untuk release",SCAM
Dinner rumah mak malam ni,SAFE
"Account anda akan dibekukan segera, verify sekarang sh0pee-help.net",SCAM
"Bank kau kena block, click link ni cepat sh0pee-help.net",SCAM
"Job part time RM255/day, no experience needed, join link sh0pee-help.net",SCAM
Aku lambat sikit traffic jam,SAFE
"Loan approved instant RM516, send IC & bank details",SCAM
Dinner rumah mak malam ni,SAFE
Weh kau free tak malam ni?,SAFE
"Free RM2684 voucher, claim sekarang tng-update.com",SCAM
"Bank kau kena block, click link ni cepat sh0pee-help.net",SCAM
Call aku nanti free,SAFE
Apa plan weekend ni?,SAFE
Dinner rumah mak malam ni,SAFE
"Loan approved instant RM2057, send IC & bank details",SCAM
Where are you now bro?,SAFE
Jom makan dekat cafe kampus,SAFE
Aku lambat sikit traffic jam,SAFE
"Account anda akan dibekukan segera, verify sekarang bank-secure.com/login",SCAM
"Bank kau kena block, click link ni cepat tng-update.com",SCAM
Aku dah hantar report tu,SAFE
"We detected login from Nigeria, confirm identity bit.ly/verify",SCAM
Where are you now bro?,SAFE
Aku tengah buat project AI ni,SAFE
"You win RM1305 cash, claim now sebelum expired",SCAM
Thanks bro tolong aku tadi,SAFE
Aku dah hantar report tu,SAFE
"Loan approved instant RM2256, send IC & bank details",SCAM
"Investment crypto profit 200% guaranteed, join now sh0pee-help.net",SCAM
Where are you now bro?,SAFE
"Police report: you involved in case, contact urgent bank-secure.com/login",SCAM
"Shopee parcel stuck kastam, bayar RM4869 untuk release",SCAM
"Bank Negara report: account suspicious activity, verify tng-update.com",SCAM
"OTP needed to verify transaction, send cepat",SCAM
"Customs hold parcel, pay RM4405 release fee",SCAM
Thanks bro tolong aku tadi,SAFE
Dinner rumah mak malam ni,SAFE
Aku lambat sikit traffic jam,SAFE
"Police report: you involved in case, contact urgent bank-secure.com/login",SCAM
"Account anda akan dibekukan segera, verify sekarang tng-update.com",SCAM
"Your email hacked, reset password immediately sh0pee-help.net",SCAM
"Your email hacked, reset password immediately bit.ly/verify",SCAM
Let’s study together for exam,SAFE
"Investment crypto profit 200% guaranteed, join now bank-secure.com/login",SCAM
"Police report: you involved in case, contact urgent bank-secure.com/login",SCAM
You datang lecture tak hari ni?,SAFE
"Job part time RM1881/day, no experience needed, join link sh0pee-help.net",SCAM
"Customs hold parcel, pay RM4450 release fee",SCAM
"Investment crypto profit 200% guaranteed, join now bit.ly/verify",SCAM
"OTP needed to verify transaction, send cepat",SCAM
You datang lecture tak hari ni?,SAFE
"Job part time RM427/day, no experience needed, join link sh0pee-help.net",SCAM
"Job part time RM1563/day, no experience needed, join link sh0pee-help.net",SCAM
Where are you now bro?,SAFE
"Shopee parcel stuck kastam, bayar RM4361 untuk release",SCAM
Aku lambat sikit traffic jam,SAFE
"You win RM2895 cash, claim now sebelum expired",SCAM
Assignment dah siap belum?,SAFE
Aku tengah buat project AI ni,SAFE
You datang lecture tak hari ni?,SAFE
Assignment dah siap belum?,SAFE
"Job part time RM3674/day, no experience needed, join link bank-secure.com/login",SCAM
"Shopee parcel stuck kastam, bayar RM4115 untuk release",SCAM
"Loan approved instant RM3106, send IC & bank details",SCAM
"We detected login from Philippines, confirm identity tng-update.com",SCAM
Where are you now bro?,SAFE
"You win RM1426 cash, claim now sebelum expired",SCAM
"Free RM1815 voucher, claim sekarang bit.ly/verify",SCAM
Apa plan weekend ni?,SAFE
Assignment dah siap belum?,SAFE
Aku tengah buat project AI ni,SAFE
"TNG eWallet kena suspend, login untuk aktifkan bit.ly/verify",SCAM
Apa plan weekend ni?,SAFE
"Loan approved instant RM3528, send IC & bank details",SCAM
Aku lambat sikit traffic jam,SAFE
"Free RM3690 voucher, claim sekarang sh0pee-help.net",SCAM
Aku lambat sikit traffic jam,SAFE
"We detected login from Unknown, confirm identity bank-secure.com/login",SCAM
Weh kau free tak malam ni?,SAFE
Thanks bro tolong aku tadi,SAFE
"Good morning bro, bangun cepat",SAFE
"Your email hacked, reset password immediately bit.ly/verify",SCAM
"Free RM4541 voucher, claim sekarang tng-update.com",SCAM
"We detected login from India, confirm identity bank-secure.com/login",SCAM
"Free RM4124 voucher, claim sekarang tng-update.com",SCAM
"Bank kau kena block, click link ni cepat bit.ly/verify",SCAM
"Your email hacked, reset password immediately tng-update.com",SCAM
You datang lecture tak hari ni?,SAFE
Dinner rumah mak malam ni,SAFE
"You win RM598 cash, claim now sebelum expired",SCAM
Thanks bro tolong aku tadi,SAFE
"You win RM656 cash, claim now sebelum expired",SCAM
Jom makan dekat cafe kampus,SAFE
Let’s study together for exam,SAFE
You datang lecture tak hari ni?,SAFE
"You win RM2562 cash, claim now sebelum expired",SCAM
"Good morning bro, bangun cepat",SAFE
Aku dah hantar report tu,SAFE
"We detected login from Philippines, confirm identity bit.ly/verify",SCAM
"Police report: you involved in case, contact urgent sh0pee-help.net",SCAM
"Police report: you involved in case, contact urgent tng-update.com",SCAM
"Loan approved instant RM4962, send IC & bank details",SCAM
Thanks bro tolong aku tadi,SAFE
"Police report: you involved in case, contact urgent tng-update.com",SCAM
Assignment dah siap belum?,SAFE
Weh kau free tak malam ni?,SAFE
"Bank Negara report: account suspicious activity, verify bit.ly/verify",SCAM
Weh kau free tak malam ni?,SAFE
"Job part time RM817/day, no experience needed, join link bank-secure.com/login",SCAM
"Investment crypto profit 200% guaranteed, join now bank-secure.com/login",SCAM
Call aku nanti free,SAFE
Kita jumpa esok kelas 10am,SAFE
Dinner rumah mak malam ni,SAFE
Aku lambat sikit traffic jam,SAFE
"Bank Negara report: account suspicious activity, verify bank-secure.com/login",SCAM
"TNG eWallet kena suspend, login untuk aktifkan bank-secure.com/login",SCAM
"You win RM4952 cash, claim now sebelum expired",SCAM
Aku lambat sikit traffic jam,SAFE
"Good morning bro, bangun cepat",SAFE
Kita jumpa esok kelas 10am,SAFE
"Police report: you involved in case, contact urgent tng-update.com",SCAM
Dinner rumah mak malam ni,SAFE
"You win RM96 cash, claim now sebelum expired",SCAM
"Free RM3696 voucher, claim sekarang sh0pee-help.net",SCAM
Apa plan weekend ni?,SAFE
Kita jumpa esok kelas 10am,SAFE
"Shopee parcel stuck kastam, bayar RM2281 untuk release",SCAM
Thanks bro tolong aku tadi,SAFE
"Investment crypto profit 200% guaranteed, join now bank-secure.com/login",SCAM
Dinner rumah mak malam ni,SAFE
"Your email hacked, reset password immediately tng-update.com",SCAM
Weh kau free tak malam ni?,SAFE
"Shopee parcel stuck kastam, bayar RM4463 untuk release",SCAM
Thanks bro tolong aku tadi,SAFE
Let’s study together for exam,SAFE
You datang lecture tak hari ni?,SAFE
Jom makan dekat cafe kampus,SAFE
"Good morning bro, bangun cepat",SAFE
"OTP needed to verify transaction, send cepat",SCAM
"Customs hold parcel, pay RM1817 release fee",SCAM
Thanks bro tolong aku tadi,SAFE
You datang lecture tak hari ni?,SAFE
"Police report: you involved in case, contact urgent tng-update.com",SCAM
Jom makan dekat cafe kampus,SAFE
Aku lambat sikit traffic jam,SAFE
Apa plan weekend ni?,SAFE
Kita jumpa esok kelas 10am,SAFE
Apa plan weekend ni?,SAFE
"Police report: you involved in case, contact urgent sh0pee-help.net",SCAM
Where are you now bro?,SAFE
"Job part time RM1709/day, no experience needed, join link tng-update.com",SCAM
"You win RM3581 cash, claim now sebelum expired",SCAM
Aku tengah buat project AI ni,SAFE
"TNG eWallet kena suspend, login untuk aktifkan bank-secure.com/login",SCAM
You datang lecture tak hari ni?,SAFE
"OTP needed to verify transaction, send cepat",SCAM
"Bank kau kena block, click link ni cepat sh0pee-help.net",SCAM
"Your email hacked, reset password immediately sh0pee-help.net",SCAM
"TNG eWallet kena suspend, login untuk aktifkan tng-update.com",SCAM
Dinner rumah mak malam ni,SAFE
Let’s study together for exam,SAFE
"Loan approved instant RM2457, send IC & bank details",SCAM
"Customs hold parcel, pay RM1325 release fee",SCAM
"Free RM61 voucher, claim sekarang bank-secure.com/login",SCAM
Kita jumpa esok kelas 10am,SAFE
"We detected login from Unknown, confirm identity bit.ly/verify",SCAM
"OTP needed to verify transaction, send cepat",SCAM
Aku dah hantar report tu,SAFE
"Shopee parcel stuck kastam, bayar RM2013 untuk release",SCAM
"Police report: you involved in case, contact urgent bank-secure.com/login",SCAM
You datang lecture tak hari ni?,SAFE
Jom makan dekat cafe kampus,SAFE
"Good morning bro, bangun cepat",SAFE
You datang lecture tak hari ni?,SAFE
"TNG eWallet kena suspend, login untuk aktifkan tng-update.com",SCAM
You datang lecture tak hari ni?,SAFE
"Job part time RM1733/day, no experience needed, join link bank-secure.com/login",SCAM
"Job part time RM3237/day, no experience needed, join link tng-update.com",SCAM
Let’s study together for exam,SAFE
"We detected login from Nigeria, confirm identity tng-update.com",SCAM
"Account anda akan dibekukan segera, verify sekarang tng-update.com",SCAM
"TNG eWallet kena suspend, login untuk aktifkan sh0pee-help.net",SCAM
Apa plan weekend ni?,SAFE
"OTP needed to verify transaction, send cepat",SCAM
Thanks bro tolong aku tadi,SAFE
Aku lambat sikit traffic jam,SAFE
"TNG eWallet kena suspend, login untuk aktifkan bit.ly/verify",SCAM
Jom makan dekat cafe kampus,SAFE
"Job part time RM2626/day, no experience needed, join link bank-secure.com/login",SCAM
Aku dah hantar report tu,SAFE
Jom makan dekat cafe kampus,SAFE
Aku dah hantar report tu,SAFE
"Good morning bro, bangun cepat",SAFE
Kita jumpa esok kelas 10am,SAFE
"Customs hold parcel, pay RM4047 release fee",SCAM
Apa plan weekend ni?,SAFE
"Customs hold parcel, pay RM1284 release fee",SCAM
Weh kau free tak malam ni?,SAFE
"You win RM2296 cash, claim now sebelum expired",SCAM
"Loan approved instant RM4640, send IC & bank details",SCAM
"You win RM3025 cash, claim now sebelum expired",SCAM
You datang lecture tak hari ni?,SAFE
"Customs hold parcel, pay RM1401 release fee",SCAM
"Bank Negara report: account suspicious activity, verify bank-secure.com/login",SCAM
Weh kau free tak malam ni?,SAFE
Aku dah hantar report tu,SAFE
Where are you now bro?,SAFE
Apa plan weekend ni?,SAFE
"Police report: you involved in case, contact urgent bit.ly/verify",SCAM
"We detected login from Unknown, confirm identity tng-update.com",SCAM
"Shopee parcel stuck kastam, bayar RM2250 untuk release",SCAM
Kita jumpa esok kelas 10am,SAFE
"Loan approved instant RM1426, send IC & bank details",SCAM
"Your email hacked, reset password immediately bit.ly/verify",SCAM
Aku dah hantar report tu,SAFE
"You win RM4989 cash, claim now sebelum expired",SCAM
"Police report: you involved in case, contact urgent bit.ly/verify",SCAM
"OTP needed to verify transaction, send cepat",SCAM
"Free RM3139 voucher, claim sekarang sh0pee-help.net",SCAM
You datang lecture tak hari ni?,SAFE
Let’s study together for exam,SAFE
Assignment dah siap belum?,SAFE
"TNG eWallet kena suspend, login untuk aktifkan bit.ly/verify",SCAM
"OTP needed to verify transaction, send cepat",SCAM
Where are you now bro?,SAFE
"Shopee parcel stuck kastam, bayar RM1344 untuk release",SCAM
Assignment dah siap belum?,SAFE
"Job part time RM3999/day, no experience needed, join link bank-secure.com/login",SCAM
Thanks bro tolong aku tadi,SAFE
"We detected login from Unknown, confirm identity bank-secure.com/login",SCAM
Assignment dah siap belum?,SAFE
Aku lambat sikit traffic jam,SAFE
Jom makan dekat cafe kampus,SAFE
Weh kau free tak malam ni?,SAFE
"Loan approved instant RM1898, send IC & bank details",SCAM
"Investment crypto profit 200% guaranteed, join now bit.ly/verify",SCAM
"Good morning bro, bangun cepat",SAFE
"OTP needed to verify transaction, send cepat",SCAM
"We detected login from India, confirm identity bank-secure.com/login",SCAM
"We detected login from Nigeria, confirm identity tng-update.com",SCAM
Aku dah hantar report tu,SAFE
Kita jumpa esok kelas 10am,SAFE
Jom makan dekat cafe kampus,SAFE
"OTP needed to verify transaction, send cepat",SCAM
"Your email hacked, reset password immediately bank-secure.com/login",SCAM
Kita jumpa esok kelas 10am,SAFE
Jom makan dekat cafe kampus,SAFE
"TNG eWallet kena suspend, login untuk aktifkan bit.ly/verify",SCAM
"Good morning bro, bangun cepat",SAFE
"Police report: you involved in case, contact urgent bank-secure.com/login",SCAM
"TNG eWallet kena suspend, login untuk aktifkan bit.ly/verify",SCAM
"Bank kau kena block, click link ni cepat sh0pee-help.net",SCAM
Assignment dah siap belum?,SAFE
Where are you now bro?,SAFE
Let’s study together for exam,SAFE
Dinner rumah mak malam ni,SAFE
"TNG eWallet kena suspend, login untuk aktifkan bank-secure.com/login",SCAM
"Loan approved instant RM4276, send IC & bank details",SCAM
Weh kau free tak malam ni?,SAFE
Kita jumpa esok kelas 10am,SAFE
Jom makan dekat cafe kampus,SAFE
Jom makan dekat cafe kampus,SAFE
Where are you now bro?,SAFE
"Customs hold parcel, pay RM2961 release fee",SCAM
"Bank Negara report: account suspicious activity, verify tng-update.com",SCAM
"TNG eWallet kena suspend, login untuk aktifkan sh0pee-help.net",SCAM
Jom makan dekat cafe kampus,SAFE
"Police report: you involved in case, contact urgent sh0pee-help.net",SCAM
"You win RM1321 cash, claim now sebelum expired",SCAM
"Shopee parcel stuck kastam, bayar RM3107 untuk release",SCAM
"Investment crypto profit 200% guaranteed, join now tng-update.com",SCAM
Dinner rumah mak malam ni,SAFE
Aku lambat sikit traffic jam,SAFE
"Free RM1160 voucher, claim sekarang bank-secure.com/login",SCAM
"Account anda akan dibekukan segera, verify sekarang bit.ly/verify",SCAM
"Bank kau kena block, click link ni cepat bank-secure.com/login",SCAM
Jom makan dekat cafe kampus,SAFE
"Police report: you involved in case, contact urgent sh0pee-help.net",SCAM
"Shopee parcel stuck kastam, bayar RM2542 untuk release",SCAM
Thanks bro tolong aku tadi,SAFE
"Loan approved instant RM3981, send IC & bank details",SCAM
"Free RM348 voucher, claim sekarang bit.ly/verify",SCAM
"Good morning bro, bangun cepat",SAFE
"You win RM1834 cash, claim now sebelum expired",SCAM
"Your email hacked, reset password immediately tng-update.com",SCAM
"Your email hacked, reset password immediately tng-update.com",SCAM
Apa plan weekend ni?,SAFE
Aku tengah buat project AI ni,SAFE
Thanks bro tolong aku tadi,SAFE
Aku lambat sikit traffic jam,SAFE
Aku tengah buat project AI ni,SAFE
Aku tengah buat project AI ni,SAFE
Dinner rumah mak malam ni,SAFE
"Job part time RM736/day, no experience needed, join link bit.ly/verify",SCAM
"Investment crypto profit 200% guaranteed, join now sh0pee-help.net",SCAM
"Good morning bro, bangun cepat",SAFE
"Your email hacked, reset password immediately bit.ly/verify",SCAM
"Account anda akan dibekukan segera, verify sekarang bit.ly/verify",SCAM
Kita jumpa esok kelas 10am,SAFE
Kita jumpa esok kelas 10am,SAFE
"Your email hacked, reset password immediately bit.ly/verify",SCAM
"Account anda akan dibekukan segera, verify sekarang bank-secure.com/login",SCAM
"Shopee parcel stuck kastam, bayar RM4142 untuk release",SCAM
"Bank Negara report: account suspicious activity, verify tng-update.com",SCAM
Aku tengah buat project AI ni,SAFE
"TNG eWallet kena suspend, login untuk aktifkan bank-secure.com/login",SCAM
"OTP needed to verify transaction, send cepat",SCAM
"Customs hold parcel, pay RM4788 release fee",SCAM
"Your email hacked, reset password immediately sh0pee-help.net",SCAM
Thanks bro tolong aku tadi,SAFE
"Bank kau kena block, click link ni cepat bank-secure.com/login",SCAM
Aku lambat sikit traffic jam,SAFE
"Bank Negara report: account suspicious activity, verify bit.ly/verify",SCAM
Assignment dah siap belum?,SAFE
Thanks bro tolong aku tadi,SAFE
"Police report: you involved in case, contact urgent bit.ly/verify",SCAM
Aku tengah buat project AI ni,SAFE
Dinner rumah mak malam ni,SAFE
"Shopee parcel stuck kastam, bayar RM4686 untuk release",SCAM
Assignment dah siap belum?,SAFE
Aku dah hantar report tu,SAFE
Let’s study together for exam,SAFE
"Investment crypto profit 200% guaranteed, join now sh0pee-help.net",SCAM
Dinner rumah mak malam ni,SAFE
"You win RM4613 cash, claim now sebelum expired",SCAM
"Police report: you involved in case, contact urgent bit.ly/verify",SCAM
"We detected login from Unknown, confirm identity bank-secure.com/login",SCAM
Aku dah hantar report tu,SAFE
"Police report: you involved in case, contact urgent bit.ly/verify",SCAM
Thanks bro tolong aku tadi,SAFE
Thanks bro tolong aku tadi,SAFE
"Account anda akan dibekukan segera, verify sekarang bit.ly/verify",SCAM
Aku lambat sikit traffic jam,SAFE
Aku lambat sikit traffic jam,SAFE
Thanks bro tolong aku tadi,SAFE
"Job part time RM770/day, no experience needed, join link sh0pee-help.net",SCAM
"Shopee parcel stuck kastam, bayar RM571 untuk release",SCAM
You datang lecture tak hari ni?,SAFE
"Bank kau kena block, click link ni cepat sh0pee-help.net",SCAM
"Police report: you involved in case, contact urgent bank-secure.com/login",SCAM
"Shopee parcel stuck kastam, bayar RM3433 untuk release",SCAM
"You win RM1032 cash, claim now sebelum expired",SCAM
Let’s study together for exam,SAFE
"Job part time RM1607/day, no experience needed, join link tng-update.com",SCAM
"Bank Negara report: account suspicious activity, verify tng-update.com",SCAM
"Free RM4093 voucher, claim sekarang sh0pee-help.net",SCAM
"Your email hacked, reset password immediately tng-update.com",SCAM
"You win RM4640 cash, claim now sebelum expired",SCAM
Assignment dah siap belum?,SAFE
Aku dah hantar report tu,SAFE
"Loan approved instant RM4529, send IC & bank details",SCAM
"Free RM2959 voucher, claim sekarang tng-update.com",SCAM
"Shopee parcel stuck kastam, bayar RM2503 untuk release",SCAM
You datang lecture tak hari ni?,SAFE
Aku dah hantar report tu,SAFE
"We detected login from India, confirm identity bank-secure.com/login",SCAM
Call aku nanti free,SAFE
Aku dah hantar report tu,SAFE
"Loan approved instant RM4980, send IC & bank details",SCAM
"Bank kau kena block, click link ni cepat bank-secure.com/login",SCAM
"Bank Negara report: account suspicious activity, verify sh0pee-help.net",SCAM
"Job part time RM4107/day, no experience needed, join link tng-update.com",SCAM
Aku dah hantar report tu,SAFE
Assignment dah siap belum?,SAFE
Apa plan weekend ni?,SAFE
Call aku nanti free,SAFE
"Account anda akan dibekukan segera, verify sekarang sh0pee-help.net",SCAM
"Shopee parcel stuck kastam, bayar RM2606 untuk release",SCAM
Weh kau free tak malam ni?,SAFE
"Investment crypto profit 200% guaranteed, join now tng-update.com",SCAM
Weh kau free tak malam ni?,SAFE
"Investment crypto profit 200% guaranteed, join now sh0pee-help.net",SCAM
Aku lambat sikit traffic jam,SAFE
"Bank kau kena block, click link ni cepat bit.ly/verify",SCAM
Let’s study together for exam,SAFE
Weh kau free tak malam ni?,SAFE
Weh kau free tak malam ni?,SAFE
"Good morning bro, bangun cepat",SAFE
Aku tengah buat project AI ni,SAFE
Apa plan weekend ni?,SAFE
"Account anda akan dibekukan segera, verify sekarang bank-secure.com/login",SCAM
"Bank kau kena block, click link ni cepat sh0pee-help.net",SCAM
"Loan approved instant RM2213, send IC & bank details",SCAM
"TNG eWallet kena suspend, login untuk aktifkan bit.ly/verify",SCAM
Jom makan dekat cafe kampus,SAFE
"Bank kau kena block, click link ni cepat bank-secure.com/login",SCAM
Apa plan weekend ni?,SAFE
Apa plan weekend ni?,SAFE
"Bank Negara report: account suspicious activity, verify sh0pee-help.net",SCAM
"Free RM235 voucher, claim sekarang sh0pee-help.net",SCAM
"Customs hold parcel, pay RM4683 release fee",SCAM
You datang lecture tak hari ni?,SAFE
"Free RM4793 voucher, claim sekarang sh0pee-help.net",SCAM
Jom makan dekat cafe kampus,SAFE
Kita jumpa esok kelas 10am,SAFE
"OTP needed to verify transaction, send cepat",SCAM
"Your email hacked, reset password immediately bank-secure.com/login",SCAM
Jom makan dekat cafe kampus,SAFE
"Account anda akan dibekukan segera, verify sekarang bank-secure.com/login",SCAM
"Your email hacked, reset password immediately tng-update.com",SCAM
"Job part time RM867/day, no experience needed, join link sh0pee-help.net",SCAM
Let’s study together for exam,SAFE
Let’s study together for exam,SAFE
"Good morning bro, bangun cepat",SAFE
"Loan approved instant RM1761, send IC & bank details",SCAM
"Customs hold parcel, pay RM2621 release fee",SCAM
"Your email hacked, reset password immediately tng-update.com",SCAM
Apa plan weekend ni?,SAFE
Kita jumpa esok kelas 10am,SAFE
Aku dah hantar report tu,SAFE
"Investment crypto profit 200% guaranteed, join now sh0pee-help.net",SCAM
"TNG eWallet kena suspend, login untuk aktifkan bit.ly/verify",SCAM
Assignment dah siap belum?,SAFE
Aku tengah buat project AI ni,SAFE
Weh kau free tak malam ni?,SAFE
Dinner rumah mak malam ni,SAFE
"OTP needed to verify transaction, send cepat",SCAM
"Bank kau kena block, click link ni cepat bank-secure.com/login",SCAM
Aku tengah buat project AI ni,SAFE
Aku lambat sikit traffic jam,SAFE
"Job part time RM4473/day, no experience needed, join link bank-secure.com/login",SCAM
Assignment dah siap belum?,SAFE
Assignment dah siap belum?,SAFE
"Free RM135 voucher, claim sekarang sh0pee-help.net",SCAM
Kita jumpa esok kelas 10am,SAFE
Aku tengah buat project AI ni,SAFE
Call aku nanti free,SAFE
"We detected login from Unknown, confirm identity sh0pee-help.net",SCAM
"OTP needed to verify transaction, send cepat",SCAM
"Account anda akan dibekukan segera, verify sekarang tng-update.com",SCAM
Aku tengah buat project AI ni,SAFE
"Police report: you involved in case, contact urgent sh0pee-help.net",SCAM
You datang lecture tak hari ni?,SAFE
Thanks bro tolong aku tadi,SAFE
"Your email hacked, reset password immediately bit.ly/verify",SCAM
"Free RM2015 voucher, claim sekarang sh0pee-help.net",SCAM
Weh kau free tak malam ni?,SAFE
Assignment dah siap belum?,SAFE
"Job part time RM2667/day, no experience needed, join link bank-secure.com/login",SCAM
Thanks bro tolong aku tadi,SAFE
Let’s study together for exam,SAFE
Apa plan weekend ni?,SAFE
"Customs hold parcel, pay RM4469 release fee",SCAM
Assignment dah siap belum?,SAFE
Aku lambat sikit traffic jam,SAFE
Aku lambat sikit traffic jam,SAFE
Dinner rumah mak malam ni,SAFE
Apa plan weekend ni?,SAFE
"Police report: you involved in case, contact urgent tng-update.com",SCAM
Apa plan weekend ni?,SAFE
Aku dah hantar report tu,SAFE
"We detected login from Philippines, confirm identity bank-secure.com/login",SCAM
"Job part time RM4050/day, no experience needed, join link bit.ly/verify",SCAM
Kita jumpa esok kelas 10am,SAFE
Jom makan dekat cafe kampus,SAFE
Aku tengah buat project AI ni,SAFE
"Shopee parcel stuck kastam, bayar RM104 untuk release",SCAM
"Good morning bro, bangun cepat",SAFE
Aku dah hantar report tu,SAFE
"Account anda akan dibekukan segera, verify sekarang bank-secure.com/login",SCAM
"Job part time RM1214/day, no experience needed, join link bank-secure.com/login",SCAM
"OTP needed to verify transaction, send cepat",SCAM
Thanks bro tolong aku tadi,SAFE
"OTP needed to verify transaction, send cepat",SCAM
Assignment dah siap belum?,SAFE
Where are you now bro?,SAFE
Let’s study together for exam,SAFE
"Investment crypto profit 200% guaranteed, join now sh0pee-help.net",SCAM
Call aku nanti free,SAFE
"Shopee parcel stuck kastam, bayar RM2121 untuk release",SCAM
"Investment crypto profit 200% guaranteed, join now tng-update.com",SCAM
"TNG eWallet kena suspend, login untuk aktifkan tng-update.com",SCAM
"Loan approved instant RM3876, send IC & bank details",SCAM
"Bank Negara report: account suspicious activity, verify tng-update.com",SCAM
"Bank kau kena block, click link ni cepat sh0pee-help.net",SCAM
Assignment dah siap belum?,SAFE
"Investment crypto profit 200% guaranteed, join now bank-secure.com/login",SCAM
Call aku nanti free,SAFE
Where are you now bro?,SAFE
"Investment crypto profit 200% guaranteed, join now bank-secure.com/login",SCAM
"Free RM2382 voucher, claim sekarang tng-update.com",SCAM
"Free RM699 voucher, claim sekarang bit.ly/verify",SCAM
Weh kau free tak malam ni?,SAFE
"You win RM520 cash, claim now sebelum expired",SCAM
Dinner rumah mak malam ni,SAFE
"Loan approved instant RM3564, send IC & bank details",SCAM
Weh kau free tak malam ni?,SAFE
"Good morning bro, bangun cepat",SAFE
"Bank Negara report: account suspicious activity, verify tng-update.com",SCAM
Kita jumpa esok kelas 10am,SAFE
Kita jumpa esok kelas 10am,SAFE
Let’s study together for exam,SAFE
Aku dah hantar report tu,SAFE
Where are you now bro?,SAFE
Dinner rumah mak malam ni,SAFE
Apa plan weekend ni?,SAFE
Jom makan dekat cafe kampus,SAFE
"We detected login from India, confirm identity tng-update.com",SCAM
Apa plan weekend ni?,SAFE
"Police report: you involved in case, contact urgent tng-update.com",SCAM
"TNG eWallet kena suspend, login untuk aktifkan sh0pee-help.net",SCAM
Assignment dah siap belum?,SAFE
Let’s study together for exam,SAFE
Aku tengah buat project AI ni,SAFE
Weh kau free tak malam ni?,SAFE
Let’s study together for exam,SAFE
"You win RM279 cash, claim now sebelum expired",SCAM
Assignment dah siap belum?,SAFE
"Investment crypto profit 200% guaranteed, join now bit.ly/verify",SCAM
Jom makan dekat cafe kampus,SAFE
You datang lecture tak hari ni?,SAFE
Aku tengah buat project AI ni,SAFE
Where are you now bro?,SAFE
Aku lambat sikit traffic jam,SAFE
"Investment crypto profit 200% guaranteed, join now tng-update.com",SCAM
"Bank kau kena block, click link ni cepat bank-secure.com/login",SCAM
"Investment crypto profit 200% guaranteed, join now bank-secure.com/login",SCAM
"Bank kau kena block, click link ni cepat sh0pee-help.net",SCAM
Jom makan dekat cafe kampus,SAFE
Where are you now bro?,SAFE
"Job part time RM1141/day, no experience needed, join link bit.ly/verify",SCAM
Apa plan weekend ni?,SAFE
"Free RM3091 voucher, claim sekarang bank-secure.com/login",SCAM
Aku dah hantar report tu,SAFE
"Loan approved instant RM3948, send IC & bank details",SCAM
You datang lecture tak hari ni?,SAFE
"We detected login from Nigeria, confirm identity tng-update.com",SCAM
Weh kau free tak malam ni?,SAFE
"Customs hold parcel, pay RM1421 release fee",SCAM
Where are you now bro?,SAFE
"We detected login from Nigeria, confirm identity bit.ly/verify",SCAM
Jom makan dekat cafe kampus,SAFE
"We detected login from India, confirm identity sh0pee-help.net",SCAM
"Your email hacked, reset password immediately bank-secure.com/login",SCAM
Weh kau free tak malam ni?,SAFE
"OTP needed to verify transaction, send cepat",SCAM
Aku lambat sikit traffic jam,SAFE
"Account anda akan dibekukan segera, verify sekarang sh0pee-help.net",SCAM
Thanks bro tolong aku tadi,SAFE
"Police report: you involved in case, contact urgent sh0pee-help.net",SCAM
Let’s study together for exam,SAFE
Thanks bro tolong aku tadi,SAFE
"Police report: you involved in case, contact urgent tng-update.com",SCAM
Kita jumpa esok kelas 10am,SAFE
"OTP needed to verify transaction, send cepat",SCAM
"Bank Negara report: account suspicious activity, verify bit.ly/verify",SCAM
Jom makan dekat cafe kampus,SAFE
Aku dah hantar report tu,SAFE
"Shopee parcel stuck kastam, bayar RM1348 untuk release",SCAM
"Bank Negara report: account suspicious activity, verify bank-secure.com/login",SCAM
"Police report: you involved in case, contact urgent bit.ly/verify",SCAM
"Police report: you involved in case, contact urgent sh0pee-help.net",SCAM
Assignment dah siap belum?,SAFE
Aku lambat sikit traffic jam,SAFE
"Shopee parcel stuck kastam, bayar RM3190 untuk release",SCAM
"Bank kau kena block, click link ni cepat bit.ly/verify",SCAM
"Bank kau kena block, click link ni cepat bank-secure.com/login",SCAM
Kita jumpa esok kelas 10am,SAFE
"Customs hold parcel, pay RM3912 release fee",SCAM
"Your email hacked, reset password immediately tng-update.com",SCAM
"Bank Negara report: account suspicious activity, verify sh0pee-help.net",SCAM
Call aku nanti free,SAFE
Kita jumpa esok kelas 10am,SAFE
Jom makan dekat cafe kampus,SAFE
Thanks bro tolong aku tadi,SAFE
Aku lambat sikit traffic jam,SAFE
"Loan approved instant RM830, send IC & bank details",SCAM
Aku tengah buat project AI ni,SAFE
You datang lecture tak hari ni?,SAFE
Aku lambat sikit traffic jam,SAFE
"TNG eWallet kena suspend, login untuk aktifkan bit.ly/verify",SCAM
Dinner rumah mak malam ni,SAFE
"Account anda akan dibekukan segera, verify sekarang bank-secure.com/login",SCAM
"Free RM1263 voucher, claim sekarang bank-secure.com/login",SCAM
"Bank kau kena block, click link ni cepat sh0pee-help.net",SCAM
"Good morning bro, bangun cepat",SAFE
Thanks bro tolong aku tadi,SAFE
Aku dah hantar report tu,SAFE
"Police report: you involved in case, contact urgent sh0pee-help.net",SCAM
You datang lecture tak hari ni?,SAFE
Dinner rumah mak malam ni,SAFE
"Customs hold parcel, pay RM1354 release fee",SCAM
"Job part time RM2675/day, no experience needed, join link sh0pee-help.net",SCAM
You datang lecture tak hari ni?,SAFE
Let’s study together for exam,SAFE
"Free RM2794 voucher, claim sekarang bit.ly/verify",SCAM
Aku lambat sikit traffic jam,SAFE
Dinner rumah mak malam ni,SAFE
"Bank kau kena block, click link ni cepat bank-secure.com/login",SCAM
Assignment dah siap belum?,SAFE
Aku dah hantar report tu,SAFE
Aku tengah buat project AI ni,SAFE
Weh kau free tak malam ni?,SAFE
Kita jumpa esok kelas 10am,SAFE
Let’s study together for exam,SAFE
"Investment crypto profit 200% guaranteed, join now tng-update.com",SCAM
"You win RM4184 cash, claim now sebelum expired",SCAM
Aku tengah buat project AI ni,SAFE
Where are you now bro?,SAFE
Assignment dah siap belum?,SAFE
Apa plan weekend ni?,SAFE
Assignment dah siap belum?,SAFE
"OTP needed to verify transaction, send cepat",SCAM
Dinner rumah mak malam ni,SAFE
"Loan approved instant RM3593, send IC & bank details",SCAM
"Bank Negara report: account suspicious activity, verify sh0pee-help.net",SCAM
Aku dah hantar report tu,SAFE
"Customs hold parcel, pay RM4647 release fee",SCAM
"Good morning bro, bangun cepat",SAFE
"Loan approved instant RM1552, send IC & bank details",SCAM
Aku tengah buat project AI ni,SAFE
Weh kau free tak malam ni?,SAFE
Aku tengah buat project AI ni,SAFE
"Investment crypto profit 200% guaranteed, join now sh0pee-help.net",SCAM
"You win RM4164 cash, claim now sebelum expired",SCAM
Jom makan dekat cafe kampus,SAFE
Apa plan weekend ni?,SAFE
Let’s study together for exam,SAFE
Aku dah hantar report tu,SAFE
Dinner rumah mak malam ni,SAFE
"Your email hacked, reset password immediately tng-update.com",SCAM
"You win RM1714 cash, claim now sebelum expired",SCAM
"We detected login from Nigeria, confirm identity sh0pee-help.net",SCAM
Kita jumpa esok kelas 10am,SAFE
"Investment crypto profit 200% guaranteed, join now sh0pee-help.net",SCAM
Aku dah hantar report tu,SAFE
"Bank kau kena block, click link ni cepat tng-update.com",SCAM
Aku tengah buat project AI ni,SAFE
Assignment dah siap belum?,SAFE
"OTP needed to verify transaction, send cepat",SCAM
"Customs hold parcel, pay RM4809 release fee",SCAM
Dinner rumah mak malam ni,SAFE
"We detected login from Nigeria, confirm identity bit.ly/verify",SCAM
"Bank kau kena block, click link ni cepat sh0pee-help.net",SCAM
"Account anda akan dibekukan segera, verify sekarang sh0pee-help.net",SCAM
"Job part time RM3903/day, no experience needed, join link bit.ly/verify",SCAM
"Customs hold parcel, pay RM4794 release fee",SCAM
Kita jumpa esok kelas 10am,SAFE
"TNG eWallet kena suspend, login untuk aktifkan tng-update.com",SCAM
Apa plan weekend ni?,SAFE
"You win RM3537 cash, claim now sebelum expired",SCAM
"Bank kau kena block, click link ni cepat bank-secure.com/login",SCAM
Kita jumpa esok kelas 10am,SAFE
Weh kau free tak malam ni?,SAFE
Assignment dah siap belum?,SAFE
"You win RM1867 cash, claim now sebelum expired",SCAM
Aku dah hantar report tu,SAFE
Kita jumpa esok kelas 10am,SAFE
"Investment crypto profit 200% guaranteed, join now tng-update.com",SCAM
"TNG eWallet kena suspend, login untuk aktifkan bank-secure.com/login",SCAM
Aku dah hantar report tu,SAFE
Call aku nanti free,SAFE
"Police report: you involved in case, contact urgent bank-secure.com/login",SCAM
Aku dah hantar report tu,SAFE
"Your email hacked, reset password immediately sh0pee-help.net",SCAM
Aku lambat sikit traffic jam,SAFE
"Job part time RM1474/day, no experience needed, join link bit.ly/verify",SCAM
Kita jumpa esok kelas 10am,SAFE
"We detected login from Unknown, confirm identity sh0pee-help.net",SCAM
"TNG eWallet kena suspend, login untuk aktifkan sh0pee-help.net",SCAM
Let’s study together for exam,SAFE
Where are you now bro?,SAFE
Aku dah hantar report tu,SAFE
"Bank Negara report: account suspicious activity, verify bank-secure.com/login",SCAM
Kita jumpa esok kelas 10am,SAFE
"Bank Negara report: account suspicious activity, verify tng-update.com",SCAM
"Loan approved instant RM4326, send IC & bank details",SCAM
"Investment crypto profit 200% guaranteed, join now sh0pee-help.net",SCAM
"Good morning bro, bangun cepat",SAFE
"You win RM4263 cash, claim now sebelum expired",SCAM
"Good morning bro, bangun cepat",SAFE
Dinner rumah mak malam ni,SAFE
"Your email hacked, reset password immediately sh0pee-help.net",SCAM
"Good morning bro, bangun cepat",SAFE
"Investment crypto profit 200% guaranteed, join now sh0pee-help.net",SCAM
"Free RM3726 voucher, claim sekarang bit.ly/verify",SCAM
"Job part time RM2077/day, no experience needed, join link sh0pee-help.net",SCAM
Thanks bro tolong aku tadi,SAFE
"Bank Negara report: account suspicious activity, verify tng-update.com",SCAM
You datang lecture tak hari ni?,SAFE
Thanks bro tolong aku tadi,SAFE
Aku tengah buat project AI ni,SAFE
You datang lecture tak hari ni?,SAFE
Where are you now bro?,SAFE
"Bank kau kena block, click link ni cepat bank-secure.com/login",SCAM
"Account anda akan dibekukan segera, verify sekarang sh0pee-help.net",SCAM
Aku lambat sikit traffic jam,SAFE
"Bank kau kena block, click link ni cepat sh0pee-help.net",SCAM
Thanks bro tolong aku tadi,SAFE
"TNG eWallet kena suspend, login untuk aktifkan bit.ly/verify",SCAM
"Shopee parcel stuck kastam, bayar RM3418 untuk release",SCAM
Dinner rumah mak malam ni,SAFE
"Shopee parcel stuck kastam, bayar RM1887 untuk release",SCAM
"Customs hold parcel, pay RM4727 release fee",SCAM
Assignment dah siap belum?,SAFE
Let’s study together for exam,SAFE
"You win RM508 cash, claim now sebelum expired",SCAM
Thanks bro tolong aku tadi,SAFE
"Free RM4061 voucher, claim sekarang bit.ly/verify",SCAM
Let’s study together for exam,SAFE
"You win RM190 cash, claim now sebelum expired",SCAM
You datang lecture tak hari ni?,SAFE
Aku tengah buat project AI ni,SAFE
"Customs hold parcel, pay RM3698 release fee",SCAM
Dinner rumah mak malam ni,SAFE
"TNG eWallet kena suspend, login untuk aktifkan bank-secure.com/login",SCAM
Kita jumpa esok kelas 10am,SAFE
Thanks bro tolong aku tadi,SAFE
Kita jumpa esok kelas 10am,SAFE
"Free RM2563 voucher, claim sekarang bit.ly/verify",SCAM
"Loan approved instant RM3422, send IC & bank details",SCAM
Let’s study together for exam,SAFE
"Loan approved instant RM2053, send IC & bank details",SCAM
"Bank kau kena block, click link ni cepat tng-update.com",SCAM
"Loan approved instant RM3342, send IC & bank details",SCAM
Call aku nanti free,SAFE
"Police report: you involved in case, contact urgent bank-secure.com/login",SCAM
Call aku nanti free,SAFE
Kita jumpa esok kelas 10am,SAFE
"Investment crypto profit 200% guaranteed, join now sh0pee-help.net",SCAM
Call aku nanti free,SAFE
"Loan approved instant RM1565, send IC & bank details",SCAM
Apa plan weekend ni?,SAFE
Kita jumpa esok kelas 10am,SAFE
You datang lecture tak hari ni?,SAFE
"Bank kau kena block, click link ni cepat tng-update.com",SCAM
Aku dah hantar report tu,SAFE
"Good morning bro, bangun cepat",SAFE
"Bank Negara report: account suspicious activity, verify sh0pee-help.net",SCAM
Dinner rumah mak malam ni,SAFE
Dinner rumah mak malam ni,SAFE
"Bank kau kena block, click link ni cepat sh0pee-help.net",SCAM
"Bank Negara report: account suspicious activity, verify tng-update.com",SCAM
Weh kau free tak malam ni?,SAFE
Jom makan dekat cafe kampus,SAFE
Apa plan weekend ni?,SAFE
Assignment dah siap belum?,SAFE
Call aku nanti free,SAFE
Aku lambat sikit traffic jam,SAFE
Kita jumpa esok kelas 10am,SAFE
Dinner rumah mak malam ni,SAFE
Kita jumpa esok kelas 10am,SAFE
"Free RM2997 voucher, claim sekarang tng-update.com",SCAM
"Loan approved instant RM1323, send IC & bank details",SCAM
Jom makan dekat cafe kampus,SAFE
"Investment crypto profit 200% guaranteed, join now bank-secure.com/login",SCAM
"Bank Negara report: account suspicious activity, verify tng-update.com",SCAM
Assignment dah siap belum?,SAFE
"Free RM1396 voucher, claim sekarang bank-secure.com/login",SCAM
"Bank kau kena block, click link ni cepat sh0pee-help.net",SCAM
Weh kau free tak malam ni?,SAFE
"Free RM3504 voucher, claim sekarang tng-update.com",SCAM
"Customs hold parcel, pay RM3169 release fee",SCAM
"You win RM4362 cash, claim now sebelum expired",SCAM
"Good morning bro, bangun cepat",SAFE
"Bank Negara report: account suspicious activity, verify bank-secure.com/login",SCAM
Aku tengah buat project AI ni,SAFE
"Loan approved instant RM4526, send IC & bank details",SCAM
"TNG eWallet kena suspend, login untuk aktifkan bank-secure.com/login",SCAM
"Police report: you involved in case, contact urgent sh0pee-help.net",SCAM
"OTP needed to verify transaction, send cepat",SCAM
Let’s study together for exam,SAFE
"Your email hacked, reset password immediately sh0pee-help.net",SCAM
"Police report: you involved in case, contact urgent bank-secure.com/login",SCAM
Dinner rumah mak malam ni,SAFE
"Investment crypto profit 200% guaranteed, join now bit.ly/verify",SCAM
Weh kau free tak malam ni?,SAFE
"TNG eWallet kena suspend, login untuk aktifkan bank-secure.com/login",SCAM
Aku lambat sikit traffic jam,SAFE
"Bank kau kena block, click link ni cepat bank-secure.com/login",SCAM
Thanks bro tolong aku tadi,SAFE
"Investment crypto profit 200% guaranteed, join now tng-update.com",SCAM
Thanks bro tolong aku tadi,SAFE
"Account anda akan dibekukan segera, verify sekarang bit.ly/verify",SCAM
Assignment dah siap belum?,SAFE
You datang lecture tak hari ni?,SAFE
"Bank kau kena block, click link ni cepat sh0pee-help.net",SCAM
Apa plan weekend ni?,SAFE
Aku lambat sikit traffic jam,SAFE
Weh kau free tak malam ni?,SAFE
"Bank Negara report: account suspicious activity, verify bit.ly/verify",SCAM
"Your email hacked, reset password immediately sh0pee-help.net",SCAM
"Bank Negara report: account suspicious activity, verify bit.ly/verify",SCAM
"Good morning bro, bangun cepat",SAFE
"Loan approved instant RM392, send IC & bank details",SCAM
Apa plan weekend ni?,SAFE
Jom makan dekat cafe kampus,SAFE
"Loan approved instant RM367, send IC & bank details",SCAM
"Account anda akan dibekukan segera, verify sekarang bit.ly/verify",SCAM
"Account anda akan dibekukan segera, verify sekarang tng-update.com",SCAM
Assignment dah siap belum?,SAFE
Aku lambat sikit traffic jam,SAFE
"We detected login from India, confirm identity tng-update.com",SCAM
Thanks bro tolong aku tadi,SAFE
Aku dah hantar report tu,SAFE
"Bank kau kena block, click link ni cepat sh0pee-help.net",SCAM
Aku lambat sikit traffic jam,SAFE
"Police report: you involved in case, contact urgent tng-update.com",SCAM
Apa plan weekend ni?,SAFE
"Investment crypto profit 200% guaranteed, join now bank-secure.com/login",SCAM
"Account anda akan dibekukan segera, verify sekarang bank-secure.com/login",SCAM
"Bank kau kena block, click link ni cepat sh0pee-help.net",SCAM
"Investment crypto profit 200% guaranteed, join now sh0pee-help.net",SCAM
"Account anda akan dibekukan segera, verify sekarang sh0pee-help.net",SCAM
You datang lecture tak hari ni?,SAFE
"You win RM4011 cash, claim now sebelum expired",SCAM
"Shopee parcel stuck kastam, bayar RM2720 untuk release",SCAM
"Loan approved instant RM464, send IC & bank details",SCAM
Apa plan weekend ni?,SAFE
You datang lecture tak hari ni?,SAFE
"Customs hold parcel, pay RM3708 release fee",SCAM
You datang lecture tak hari ni?,SAFE
Thanks bro tolong aku tadi,SAFE
"Bank Negara report: account suspicious activity, verify sh0pee-help.net",SCAM
Dinner rumah mak malam ni,SAFE
Kita jumpa esok kelas 10am,SAFE
"Customs hold parcel, pay RM2006 release fee",SCAM
Dinner rumah mak malam ni,SAFE
"Investment crypto profit 200% guaranteed, join now bank-secure.com/login",SCAM
Call aku nanti free,SAFE
Let’s study together for exam,SAFE
You datang lecture tak hari ni?,SAFE
"We detected login from India, confirm identity bank-secure.com/login",SCAM
"TNG eWallet kena suspend, login untuk aktifkan bit.ly/verify",SCAM
"You win RM2460 cash, claim now sebelum expired",SCAM
Aku lambat sikit traffic jam,SAFE
Weh kau free tak malam ni?,SAFE
Where are you now bro?,SAFE
"Loan approved instant RM3532, send IC & bank details",SCAM
"Your email hacked, reset password immediately bit.ly/verify",SCAM
"Your email hacked, reset password immediately bit.ly/verify",SCAM
"Investment crypto profit 200% guaranteed, join now bit.ly/verify",SCAM
"We detected login from Unknown, confirm identity sh0pee-help.net",SCAM
Dinner rumah mak malam ni,SAFE
"Good morning bro, bangun cepat",SAFE
Aku tengah buat project AI ni,SAFE
"Bank Negara report: account suspicious activity, verify sh0pee-help.net",SCAM
"Shopee parcel stuck kastam, bayar RM2791 untuk release",SCAM
Aku dah hantar report tu,SAFE
Dinner rumah mak malam ni,SAFE
"Job part time RM1731/day, no experience needed, join link tng-update.com",SCAM
You datang lecture tak hari ni?,SAFE
"Loan approved instant RM959, send IC & bank details",SCAM
Let’s study together for exam,SAFE
Jom makan dekat cafe kampus,SAFE
"Free RM2589 voucher, claim sekarang sh0pee-help.net",SCAM
Aku lambat sikit traffic jam,SAFE
"Bank kau kena block, click link ni cepat sh0pee-help.net",SCAM
Call aku nanti free,SAFE
"Free RM3975 voucher, claim sekarang tng-update.com",SCAM
"Investment crypto profit 200% guaranteed, join now bit.ly/verify",SCAM
Aku tengah buat project AI ni,SAFE
Kita jumpa esok kelas 10am,SAFE
Thanks bro tolong aku tadi,SAFE
Weh kau free tak malam ni?,SAFE
Assignment dah siap belum?,SAFE
Thanks bro tolong aku tadi,SAFE
"You win RM1318 cash, claim now sebelum expired",SCAM
"Free RM4389 voucher, claim sekarang sh0pee-help.net",SCAM
Dinner rumah mak malam ni,SAFE
Aku lambat sikit traffic jam,SAFE
You datang lecture tak hari ni?,SAFE
"Bank kau kena block, click link ni cepat sh0pee-help.net",SCAM
Aku dah hantar report tu,SAFE
"Account anda akan dibekukan segera, verify sekarang sh0pee-help.net",SCAM
"You win RM1947 cash, claim now sebelum expired",SCAM
You datang lecture tak hari ni?,SAFE
"Bank kau kena block, click link ni cepat bit.ly/verify",SCAM
"Your email hacked, reset password immediately bank-secure.com/login",SCAM
"Investment crypto profit 200% guaranteed, join now tng-update.com",SCAM
Aku dah hantar report tu,SAFE
"Investment crypto profit 200% guaranteed, join now bank-secure.com/login",SCAM
"Bank kau kena block, click link ni cepat tng-update.com",SCAM
"Police report: you involved in case, contact urgent bank-secure.com/login",SCAM
Aku dah hantar report tu,SAFE
"OTP needed to verify transaction, send cepat",SCAM
"Good morning bro, bangun cepat",SAFE
"Bank kau kena block, click link ni cepat tng-update.com",SCAM
"Investment crypto profit 200% guaranteed, join now bit.ly/verify",SCAM
Aku lambat sikit traffic jam,SAFE
"Customs hold parcel, pay RM3214 release fee",SCAM
Aku tengah buat project AI ni,SAFE
"Your email hacked, reset password immediately tng-update.com",SCAM
Call aku nanti free,SAFE
Dinner rumah mak malam ni,SAFE
"Investment crypto profit 200% guaranteed, join now tng-update.com",SCAM
"You win RM1664 cash, claim now sebelum expired",SCAM
Let’s study together for exam,SAFE
Weh kau free tak malam ni?,SAFE
"Police report: you involved in case, contact urgent bit.ly/verify",SCAM
"We detected login from Philippines, confirm identity bank-secure.com/login",SCAM
"Free RM3476 voucher, claim sekarang sh0pee-help.net",SCAM
Call aku nanti free,SAFE
Apa plan weekend ni?,SAFE
"Shopee parcel stuck kastam, bayar RM4654 untuk release",SCAM
"TNG eWallet kena suspend, login untuk aktifkan bit.ly/verify",SCAM
"We detected login from Unknown, confirm identity bit.ly/verify",SCAM
"Loan approved instant RM2180, send IC & bank details",SCAM
Aku dah hantar report tu,SAFE
"Free RM3716 voucher, claim sekarang tng-update.com",SCAM
"Investment crypto profit 200% guaranteed, join now bit.ly/verify",SCAM
"Free RM2926 voucher, claim sekarang tng-update.com",SCAM
"TNG eWallet kena suspend, login untuk aktifkan bank-secure.com/login",SCAM
Weh kau free tak malam ni?,SAFE
"OTP needed to verify transaction, send cepat",SCAM
Weh kau free tak malam ni?,SAFE
"Investment crypto profit 200% guaranteed, join now sh0pee-help.net",SCAM
"TNG eWallet kena suspend, login untuk aktifkan tng-update.com",SCAM
Aku dah hantar report tu,SAFE
"Job part time RM2714/day, no experience needed, join link bank-secure.com/login",SCAM
"Job part time RM2503/day, no experience needed, join link tng-update.com",SCAM
"OTP needed to verify transaction, send cepat",SCAM
Jom makan dekat cafe kampus,SAFE
Aku dah hantar report tu,SAFE
"Bank Negara report: account suspicious activity, verify sh0pee-help.net",SCAM
"TNG eWallet kena suspend, login untuk aktifkan bank-secure.com/login",SCAM
Aku tengah buat project AI ni,SAFE
"Bank kau kena block, click link ni cepat bit.ly/verify",SCAM
"Customs hold parcel, pay RM3260 release fee",SCAM
Aku tengah buat project AI ni,SAFE
Weh kau free tak malam ni?,SAFE
"Free RM2416 voucher, claim sekarang bit.ly/verify",SCAM
Aku tengah buat project AI ni,SAFE
"TNG eWallet kena suspend, login untuk aktifkan sh0pee-help.net",SCAM
Jom makan dekat cafe kampus,SAFE
"Job part time RM4487/day, no experience needed, join link sh0pee-help.net",SCAM
"Investment crypto profit 200% guaranteed, join now sh0pee-help.net",SCAM
"TNG eWallet kena suspend, login untuk aktifkan bank-secure.com/login",SCAM
"Bank kau kena block, click link ni cepat bit.ly/verify",SCAM
"Police report: you involved in case, contact urgent tng-update.com",SCAM
Aku dah hantar report tu,SAFE
"Investment crypto profit 200% guaranteed, join now tng-update.com",SCAM
Aku lambat sikit traffic jam,SAFE
"Customs hold parcel, pay RM4603 release fee",SCAM
"Good morning bro, bangun cepat",SAFE
Apa plan weekend ni?,SAFE
Apa plan weekend ni?,SAFE
Kita jumpa esok kelas 10am,SAFE
Assignment dah siap belum?,SAFE
"You win RM221 cash, claim now sebelum expired",SCAM
"You win RM4197 cash, claim now sebelum expired",SCAM
You datang lecture tak hari ni?,SAFE
"Investment crypto profit 200% guaranteed, join now bit.ly/verify",SCAM
You datang lecture tak hari ni?,SAFE
"Free RM1760 voucher, claim sekarang bank-secure.com/login",SCAM
Jom makan dekat cafe kampus,SAFE
"Free RM2192 voucher, claim sekarang tng-update.com",SCAM
Aku tengah buat project AI ni,SAFE
Aku tengah buat project AI ni,SAFE
"Job part time RM1008/day, no experience needed, join link sh0pee-help.net",SCAM
"OTP needed to verify transaction, send cepat",SCAM
"Shopee parcel stuck kastam, bayar RM1883 untuk release",SCAM
Weh kau free tak malam ni?,SAFE
Apa plan weekend ni?,SAFE
Let’s study together for exam,SAFE
"TNG eWallet kena suspend, login untuk aktifkan tng-update.com",SCAM
Jom makan dekat cafe kampus,SAFE
"Bank Negara report: account suspicious activity, verify tng-update.com",SCAM
"Your email hacked, reset password immediately bit.ly/verify",SCAM
Where are you now bro?,SAFE
"Free RM1413 voucher, claim sekarang tng-update.com",SCAM
Aku dah hantar report tu,SAFE
Kita jumpa esok kelas 10am,SAFE
Kita jumpa esok kelas 10am,SAFE
You datang lecture tak hari ni?,SAFE
You datang lecture tak hari ni?,SAFE
Aku tengah buat project AI ni,SAFE
"OTP needed to verify transaction, send cepat",SCAM
Dinner rumah mak malam ni,SAFE
Let’s study together for exam,SAFE
Let’s study together for exam,SAFE
Assignment dah siap belum?,SAFE
Kita jumpa esok kelas 10am,SAFE
"We detected login from Unknown, confirm identity bit.ly/verify",SCAM
Weh kau free tak malam ni?,SAFE
"Bank Negara report: account suspicious activity, verify sh0pee-help.net",SCAM
You datang lecture tak hari ni?,SAFE
Weh kau free tak malam ni?,SAFE
"Bank Negara report: account suspicious activity, verify tng-update.com",SCAM
"You win RM3845 cash, claim now sebelum expired",SCAM
"Good morning bro, bangun cepat",SAFE
"Job part time RM1840/day, no experience needed, join link tng-update.com",SCAM
Weh kau free tak malam ni?,SAFE
"Investment crypto profit 200% guaranteed, join now bit.ly/verify",SCAM
Assignment dah siap belum?,SAFE
"Account anda akan dibekukan segera, verify sekarang bit.ly/verify",SCAM
"Bank Negara report: account suspicious activity, verify bit.ly/verify",SCAM
"Customs hold parcel, pay RM3597 release fee",SCAM
Let’s study together for exam,SAFE
"TNG eWallet kena suspend, login untuk aktifkan sh0pee-help.net",SCAM
Aku lambat sikit traffic jam,SAFE
Call aku nanti free,SAFE
"We detected login from Philippines, confirm identity bit.ly/verify",SCAM
"Police report: you involved in case, contact urgent bit.ly/verify",SCAM
You datang lecture tak hari ni?,SAFE
Apa plan weekend ni?,SAFE
Apa plan weekend ni?,SAFE
"We detected login from India, confirm identity bit.ly/verify",SCAM
Aku tengah buat project AI ni,SAFE
Jom makan dekat cafe kampus,SAFE
Where are you now bro?,SAFE
Weh kau free tak malam ni?,SAFE
"Police report: you involved in case, contact urgent sh0pee-help.net",SCAM
"Account anda akan dibekukan segera, verify sekarang bank-secure.com/login",SCAM
Apa plan weekend ni?,SAFE
"OTP needed to verify transaction, send cepat",SCAM
"TNG eWallet kena suspend, login untuk aktifkan bank-secure.com/login",SCAM
"Bank kau kena block, click link ni cepat tng-update.com",SCAM
Aku lambat sikit traffic jam,SAFE
Call aku nanti free,SAFE
"Good morning bro, bangun cepat",SAFE
"Investment crypto profit 200% guaranteed, join now sh0pee-help.net",SCAM
Aku lambat sikit traffic jam,SAFE
Let’s study together for exam,SAFE
Thanks bro tolong aku tadi,SAFE
Aku lambat sikit traffic jam,SAFE
Aku lambat sikit traffic jam,SAFE
Call aku nanti free,SAFE
Aku tengah buat project AI ni,SAFE
"Free RM4687 voucher, claim sekarang bank-secure.com/login",SCAM
"Job part time RM1443/day, no experience needed, join link sh0pee-help.net",SCAM
"Free RM2727 voucher, claim sekarang bit.ly/verify",SCAM
"Shopee parcel stuck kastam, bayar RM2514 untuk release",SCAM
"Account anda akan dibekukan segera, verify sekarang tng-update.com",SCAM
"Bank kau kena block, click link ni cepat sh0pee-help.net",SCAM
"Customs hold parcel, pay RM3703 release fee",SCAM
"Bank kau kena block, click link ni cepat sh0pee-help.net",SCAM
"Account anda akan dibekukan segera, verify sekarang sh0pee-help.net",SCAM
"Investment crypto profit 200% guaranteed, join now sh0pee-help.net",SCAM
"Customs hold parcel, pay RM3219 release fee",SCAM
"You win RM2803 cash, claim now sebelum expired",SCAM
"Loan approved instant RM1914, send IC & bank details",SCAM
Let’s study together for exam,SAFE
Kita jumpa esok kelas 10am,SAFE
"Customs hold parcel, pay RM4071 release fee",SCAM
"Shopee parcel stuck kastam, bayar RM3927 untuk release",SCAM
"Job part time RM3433/day, no experience needed, join link sh0pee-help.net",SCAM
"Free RM1804 voucher, claim sekarang bank-secure.com/login",SCAM
"We detected login from India, confirm identity bank-secure.com/login",SCAM
"Investment crypto profit 200% guaranteed, join now bank-secure.com/login",SCAM
"Police report: you involved in case, contact urgent bank-secure.com/login",SCAM
Aku dah hantar report tu,SAFE
"Investment crypto profit 200% guaranteed, join now tng-update.com",SCAM
"Loan approved instant RM2738, send IC & bank details",SCAM
"Customs hold parcel, pay RM1753 release fee",SCAM
Dinner rumah mak malam ni,SAFE
Kita jumpa esok kelas 10am,SAFE
Weh kau free tak malam ni?,SAFE
Thanks bro tolong aku tadi,SAFE
Jom makan dekat cafe kampus,SAFE
"Police report: you involved in case, contact urgent tng-update.com",SCAM
Apa plan weekend ni?,SAFE
You datang lecture tak hari ni?,SAFE
Aku dah hantar report tu,SAFE
"TNG eWallet kena suspend, login untuk aktifkan tng-update.com",SCAM
Call aku nanti free,SAFE
"Good morning bro, bangun cepat",SAFE
"Account anda akan dibekukan segera, verify sekarang bank-secure.com/login",SCAM
"OTP needed to verify transaction, send cepat",SCAM
You datang lecture tak hari ni?,SAFE
"Your email hacked, reset password immediately sh0pee-help.net",SCAM
You datang lecture tak hari ni?,SAFE
"Job part time RM2682/day, no experience needed, join link bit.ly/verify",SCAM
"Free RM4328 voucher, claim sekarang bit.ly/verify",SCAM
Aku dah hantar report tu,SAFE
Where are you now bro?,SAFE
"TNG eWallet kena suspend, login untuk aktifkan bit.ly/verify",SCAM
"Customs hold parcel, pay RM2289 release fee",SCAM
"Customs hold parcel, pay RM226 release fee",SCAM
"Police report: you involved in case, contact urgent sh0pee-help.net",SCAM
"Police report: you involved in case, contact urgent sh0pee-help.net",SCAM
Thanks bro tolong aku tadi,SAFE
"Free RM3260 voucher, claim sekarang sh0pee-help.net",SCAM
"Job part time RM3359/day, no experience needed, join link tng-update.com",SCAM
"We detected login from Unknown, confirm identity tng-update.com",SCAM
"We detected login from Philippines, confirm identity sh0pee-help.net",SCAM
"Bank kau kena block, click link ni cepat bit.ly/verify",SCAM
Assignment dah siap belum?,SAFE
"You win RM498 cash, claim now sebelum expired",SCAM
"Good morning bro, bangun cepat",SAFE
Jom makan dekat cafe kampus,SAFE
"Good morning bro, bangun cepat",SAFE
"Loan approved instant RM382, send IC & bank details",SCAM
Call aku nanti free,SAFE
Dinner rumah mak malam ni,SAFE
Jom makan dekat cafe kampus,SAFE
Aku lambat sikit traffic jam,SAFE
"You win RM4740 cash, claim now sebelum expired",SCAM
"Shopee parcel stuck kastam, bayar RM2324 untuk release",SCAM
Assignment dah siap belum?,SAFE
Dinner rumah mak malam ni,SAFE
Where are you now bro?,SAFE
Kita jumpa esok kelas 10am,SAFE
Weh kau free tak malam ni?,SAFE
Assignment dah siap belum?,SAFE
"Your email hacked, reset password immediately bit.ly/verify",SCAM
"TNG eWallet kena suspend, login untuk aktifkan sh0pee-help.net",SCAM
"Your email hacked, reset password immediately bank-secure.com/login",SCAM
Let’s study together for exam,SAFE
Kita jumpa esok kelas 10am,SAFE
"Customs hold parcel, pay RM357 release fee",SCAM
"Job part time RM1467/day, no experience needed, join link bank-secure.com/login",SCAM
"Bank kau kena block, click link ni cepat tng-update.com",SCAM
You datang lecture tak hari ni?,SAFE
Thanks bro tolong aku tadi,SAFE
Aku lambat sikit traffic jam,SAFE
"Free RM3868 voucher, claim sekarang sh0pee-help.net",SCAM
"TNG eWallet kena suspend, login untuk aktifkan bit.ly/verify",SCAM
"We detected login from Philippines, confirm identity bank-secure.com/login",SCAM
Aku dah hantar report tu,SAFE
"Account anda akan dibekukan segera, verify sekarang tng-update.com",SCAM
Aku tengah buat project AI ni,SAFE
"Bank kau kena block, click link ni cepat bank-secure.com/login",SCAM
"We detected login from Unknown, confirm identity bank-secure.com/login",SCAM
Let’s study together for exam,SAFE
Assignment dah siap belum?,SAFE
Aku lambat sikit traffic jam,SAFE
Dinner rumah mak malam ni,SAFE
"Shopee parcel stuck kastam, bayar RM863 untuk release",SCAM
"Your email hacked, reset password immediately bit.ly/verify",SCAM
Weh kau free tak malam ni?,SAFE
"Your email hacked, reset password immediately tng-update.com",SCAM
Jom makan dekat cafe kampus,SAFE
Jom makan dekat cafe kampus,SAFE
"Good morning bro, bangun cepat",SAFE
Aku lambat sikit traffic jam,SAFE
Call aku nanti free,SAFE
Aku dah hantar report tu,SAFE
"OTP needed to verify transaction, send cepat",SCAM
Aku dah hantar report tu,SAFE
Thanks bro tolong aku tadi,SAFE
"Shopee parcel stuck kastam, bayar RM271 untuk release",SCAM
Aku dah hantar report tu,SAFE
Kita jumpa esok kelas 10am,SAFE
Let’s study together for exam,SAFE
"Bank Negara report: account suspicious activity, verify bank-secure.com/login",SCAM
Aku lambat sikit traffic jam,SAFE
"Account anda akan dibekukan segera, verify sekarang bit.ly/verify",SCAM
Call aku nanti free,SAFE
Aku lambat sikit traffic jam,SAFE
"Job part time RM1471/day, no experience needed, join link bit.ly/verify",SCAM
You datang lecture tak hari ni?,SAFE
"Your email hacked, reset password immediately bit.ly/verify",SCAM
"Loan approved instant RM347, send IC & bank details",SCAM
Assignment dah siap belum?,SAFE
Let’s study together for exam,SAFE
"Customs hold parcel, pay RM4588 release fee",SCAM
"Shopee parcel stuck kastam, bayar RM2969 untuk release",SCAM
Apa plan weekend ni?,SAFE
"Customs hold parcel, pay RM3711 release fee",SCAM
Thanks bro tolong aku tadi,SAFE
Jom makan dekat cafe kampus,SAFE
"Loan approved instant RM2477, send IC & bank details",SCAM
"Bank Negara report: account suspicious activity, verify bit.ly/verify",SCAM
"TNG eWallet kena suspend, login untuk aktifkan tng-update.com",SCAM
You datang lecture tak hari ni?,SAFE
Assignment dah siap belum?,SAFE
"Investment crypto profit 200% guaranteed, join now sh0pee-help.net",SCAM
Call aku nanti free,SAFE
"Shopee parcel stuck kastam, bayar RM3214 untuk release",SCAM
"Bank kau kena block, click link ni cepat bit.ly/verify",SCAM
Where are you now bro?,SAFE
Kita jumpa esok kelas 10am,SAFE
Aku tengah buat project AI ni,SAFE
Apa plan weekend ni?,SAFE
"Free RM2618 voucher, claim sekarang bit.ly/verify",SCAM
"Police report: you involved in case, contact urgent bank-secure.com/login",SCAM
"Bank Negara report: account suspicious activity, verify tng-update.com",SCAM
Aku lambat sikit traffic jam,SAFE
Let’s study together for exam,SAFE
Weh kau free tak malam ni?,SAFE
"Investment crypto profit 200% guaranteed, join now bit.ly/verify",SCAM
Kita jumpa esok kelas 10am,SAFE
"We detected login from Unknown, confirm identity bit.ly/verify",SCAM
Assignment dah siap belum?,SAFE
Thanks bro tolong aku tadi,SAFE
Aku lambat sikit traffic jam,SAFE
Jom makan dekat cafe kampus,SAFE
Where are you now bro?,SAFE
"Free RM2384 voucher, claim sekarang tng-update.com",SCAM
"TNG eWallet kena suspend, login untuk aktifkan tng-update.com",SCAM
"We detected login from Nigeria, confirm identity bit.ly/verify",SCAM
"Account anda akan dibekukan segera, verify sekarang tng-update.com",SCAM
"OTP needed to verify transaction, send cepat",SCAM
"Police report: you involved in case, contact urgent sh0pee-help.net",SCAM
"Your email hacked, reset password immediately bit.ly/verify",SCAM
"Account anda akan dibekukan segera, verify sekarang bit.ly/verify",SCAM
Dinner rumah mak malam ni,SAFE
Call aku nanti free,SAFE
Aku lambat sikit traffic jam,SAFE
"We detected login from Unknown, confirm identity bank-secure.com/login",SCAM
Aku tengah buat project AI ni,SAFE
Weh kau free tak malam ni?,SAFE
"OTP needed to verify transaction, send cepat",SCAM
"Customs hold parcel, pay RM1778 release fee",SCAM
Call aku nanti free,SAFE
Where are you now bro?,SAFE
Apa plan weekend ni?,SAFE
"You win RM3473 cash, claim now sebelum expired",SCAM
Where are you now bro?,SAFE
"Good morning bro, bangun cepat",SAFE
"We detected login from Nigeria, confirm identity bit.ly/verify",SCAM
"TNG eWallet kena suspend, login untuk aktifkan tng-update.com",SCAM
"Good morning bro, bangun cepat",SAFE
Aku dah hantar report tu,SAFE
"Shopee parcel stuck kastam, bayar RM3316 untuk release",SCAM
"Loan approved instant RM4999, send IC & bank details",SCAM
"Police report: you involved in case, contact urgent bank-secure.com/login",SCAM
Aku dah hantar report tu,SAFE
Weh kau free tak malam ni?,SAFE
"OTP needed to verify transaction, send cepat",SCAM
"Free RM306 voucher, claim sekarang tng-update.com",SCAM
Thanks bro tolong aku tadi,SAFE
"You win RM4985 cash, claim now sebelum expired",SCAM
You datang lecture tak hari ni?,SAFE
Aku lambat sikit traffic jam,SAFE
"Job part time RM1305/day, no experience needed, join link sh0pee-help.net",SCAM
Jom makan dekat cafe kampus,SAFE
"Account anda akan dibekukan segera, verify sekarang bit.ly/verify",SCAM
"Your email hacked, reset password immediately bank-secure.com/login",SCAM
Thanks bro tolong aku tadi,SAFE
"Account anda akan dibekukan segera, verify sekarang sh0pee-help.net",SCAM
Dinner rumah mak malam ni,SAFE
"Bank kau kena block, click link ni cepat bank-secure.com/login",SCAM
"Bank kau kena block, click link ni cepat tng-update.com",SCAM
Call aku nanti free,SAFE
"Investment crypto profit 200% guaranteed, join now bank-secure.com/login",SCAM
Let’s study together for exam,SAFE
"Bank Negara report: account suspicious activity, verify tng-update.com",SCAM
"OTP needed to verify transaction, send cepat",SCAM
"Good morning bro, bangun cepat",SAFE
Aku tengah buat project AI ni,SAFE
"Loan approved instant RM347, send IC & bank details",SCAM
"Loan approved instant RM2467, send IC & bank details",SCAM
You datang lecture tak hari ni?,SAFE
Weh kau free tak malam ni?,SAFE
Let’s study together for exam,SAFE
Thanks bro tolong aku tadi,SAFE
Aku lambat sikit traffic jam,SAFE
Let’s study together for exam,SAFE
"Loan approved instant RM4311, send IC & bank details",SCAM
"Investment crypto profit 200% guaranteed, join now bit.ly/verify",SCAM
You datang lecture tak hari ni?,SAFE
"Police report: you involved in case, contact urgent bank-secure.com/login",SCAM
Dinner rumah mak malam ni,SAFE
Aku tengah buat project AI ni,SAFE
Weh kau free tak malam ni?,SAFE
Call aku nanti free,SAFE
"TNG eWallet kena suspend, login untuk aktifkan bit.ly/verify",SCAM
"Your email hacked, reset password immediately sh0pee-help.net",SCAM
"You win RM722 cash, claim now sebelum expired",SCAM
"TNG eWallet kena suspend, login untuk aktifkan tng-update.com",SCAM
"OTP needed to verify transaction, send cepat",SCAM
Dinner rumah mak malam ni,SAFE
Aku lambat sikit traffic jam,SAFE
"OTP needed to verify transaction, send cepat",SCAM
Weh kau free tak malam ni?,SAFE
"TNG eWallet kena suspend, login untuk aktifkan bit.ly/verify",SCAM
"Police report: you involved in case, contact urgent tng-update.com",SCAM
"Job part time RM1258/day, no experience needed, join link bank-secure.com/login",SCAM
"Account anda akan dibekukan segera, verify sekarang bank-secure.com/login",SCAM
"Job part time RM3419/day, no experience needed, join link bit.ly/verify",SCAM
"Your email hacked, reset password immediately sh0pee-help.net",SCAM
"Good morning bro, bangun cepat",SAFE
"OTP needed to verify transaction, send cepat",SCAM
Weh kau free tak malam ni?,SAFE
"Customs hold parcel, pay RM4284 release fee",SCAM
"Account anda akan dibekukan segera, verify sekarang bit.ly/verify",SCAM
"Loan approved instant RM1132, send IC & bank details",SCAM
"Shopee parcel stuck kastam, bayar RM4735 untuk release",SCAM
"Good morning bro, bangun cepat",SAFE
Thanks bro tolong aku tadi,SAFE
"Bank kau kena block, click link ni cepat bit.ly/verify",SCAM
"Bank kau kena block, click link ni cepat tng-update.com",SCAM
Assignment dah siap belum?,SAFE
"Account anda akan dibekukan segera, verify sekarang bit.ly/verify",SCAM
"Police report: you involved in case, contact urgent sh0pee-help.net",SCAM
Where are you now bro?,SAFE
"Investment crypto profit 200% guaranteed, join now sh0pee-help.net",SCAM
"Bank Negara report: account suspicious activity, verify bit.ly/verify",SCAM
"OTP needed to verify transaction, send cepat",SCAM
"Job part time RM1687/day, no experience needed, join link bank-secure.com/login",SCAM
Call aku nanti free,SAFE
Where are you now bro?,SAFE
"Bank Negara report: account suspicious activity, verify bit.ly/verify",SCAM
Weh kau free tak malam ni?,SAFE
"Shopee parcel stuck kastam, bayar RM1091 untuk release",SCAM
"Bank Negara report: account suspicious activity, verify bit.ly/verify",SCAM
"Police report: you involved in case, contact urgent sh0pee-help.net",SCAM
Jom makan dekat cafe kampus,SAFE
"Police report: you involved in case, contact urgent sh0pee-help.net",SCAM
Aku dah hantar report tu,SAFE
Aku lambat sikit traffic jam,SAFE
Kita jumpa esok kelas 10am,SAFE
"OTP needed to verify transaction, send cepat",SCAM
Aku tengah buat project AI ni,SAFE
Thanks bro tolong aku tadi,SAFE
"Customs hold parcel, pay RM4664 release fee",SCAM
Thanks bro tolong aku tadi,SAFE
"We detected login from Philippines, confirm identity tng-update.com",SCAM
Weh kau free tak malam ni?,SAFE
Thanks bro tolong aku tadi,SAFE
"Bank Negara report: account suspicious activity, verify sh0pee-help.net",SCAM
"TNG eWallet kena suspend, login untuk aktifkan bit.ly/verify",SCAM
"Job part time RM4684/day, no experience needed, join link bank-secure.com/login",SCAM
Aku tengah buat project AI ni,SAFE
Dinner rumah mak malam ni,SAFE
Weh kau free tak malam ni?,SAFE
You datang lecture tak hari ni?,SAFE
Weh kau free tak malam ni?,SAFE
Aku tengah buat project AI ni,SAFE
Where are you now bro?,SAFE
Kita jumpa esok kelas 10am,SAFE
"Bank Negara report: account suspicious activity, verify sh0pee-help.net",SCAM
"Free RM4626 voucher, claim sekarang tng-update.com",SCAM
"Customs hold parcel, pay RM2162 release fee",SCAM
Where are you now bro?,SAFE
"Customs hold parcel, pay RM2243 release fee",SCAM
"Your email hacked, reset password immediately sh0pee-help.net",SCAM
Kita jumpa esok kelas 10am,SAFE
"Investment crypto profit 200% guaranteed, join now bit.ly/verify",SCAM
"OTP needed to verify transaction, send cepat",SCAM
Dinner rumah mak malam ni,SAFE
"You win RM4989 cash, claim now sebelum expired",SCAM
Aku lambat sikit traffic jam,SAFE
"Police report: you involved in case, contact urgent bank-secure.com/login",SCAM
"Bank kau kena block, click link ni cepat sh0pee-help.net",SCAM
"Loan approved instant RM2073, send IC & bank details",SCAM
"Account anda akan dibekukan segera, verify sekarang tng-update.com",SCAM
"Good morning bro, bangun cepat",SAFE
"Bank kau kena block, click link ni cepat bit.ly/verify",SCAM
"Customs hold parcel, pay RM1787 release fee",SCAM
"Investment crypto profit 200% guaranteed, join now bit.ly/verify",SCAM
"Loan approved instant RM3917, send IC & bank details",SCAM
"We detected login from India, confirm identity tng-update.com",SCAM
"We detected login from Nigeria, confirm identity bit.ly/verify",SCAM
Weh kau free tak malam ni?,SAFE
Kita jumpa esok kelas 10am,SAFE
"Free RM1280 voucher, claim sekarang sh0pee-help.net",SCAM
"Investment crypto profit 200% guaranteed, join now tng-update.com",SCAM
"Bank kau kena block, click link ni cepat bank-secure.com/login",SCAM
"Loan approved instant RM3786, send IC & bank details",SCAM
Let’s study together for exam,SAFE
Where are you now bro?,SAFE
"OTP needed to verify transaction, send cepat",SCAM
"Free RM2075 voucher, claim sekarang bank-secure.com/login",SCAM
Kita jumpa esok kelas 10am,SAFE
Aku dah hantar report tu,SAFE
"Good morning bro, bangun cepat",SAFE
"You win RM705 cash, claim now sebelum expired",SCAM
Aku lambat sikit traffic jam,SAFE
Let’s study together for exam,SAFE
"Shopee parcel stuck kastam, bayar RM4318 untuk release",SCAM
Dinner rumah mak malam ni,SAFE
"Loan approved instant RM3608, send IC & bank details",SCAM
"Good morning bro, bangun cepat",SAFE
Let’s study together for exam,SAFE
"OTP needed to verify transaction, send cepat",SCAM
Apa plan weekend ni?,SAFE
Where are you now bro?,SAFE
"Bank Negara report: account suspicious activity, verify sh0pee-help.net",SCAM
Weh kau free tak malam ni?,SAFE
Dinner rumah mak malam ni,SAFE
"TNG eWallet kena suspend, login untuk aktifkan tng-update.com",SCAM
"Bank kau kena block, click link ni cepat sh0pee-help.net",SCAM
"OTP needed to verify transaction, send cepat",SCAM
Assignment dah siap belum?,SAFE
"Free RM2286 voucher, claim sekarang sh0pee-help.net",SCAM
Call aku nanti free,SAFE
"Shopee parcel stuck kastam, bayar RM3708 untuk release",SCAM
"Your email hacked, reset password immediately sh0pee-help.net",SCAM
Kita jumpa esok kelas 10am,SAFE
Aku dah hantar report tu,SAFE
Assignment dah siap belum?,SAFE
Thanks bro tolong aku tadi,SAFE
"Customs hold parcel, pay RM1336 release fee",SCAM
"Police report: you involved in case, contact urgent tng-update.com",SCAM
"OTP needed to verify transaction, send cepat",SCAM
"You win RM665 cash, claim now sebelum expired",SCAM
Weh kau free tak malam ni?,SAFE
"We detected login from Unknown, confirm identity sh0pee-help.net",SCAM
"Customs hold parcel, pay RM1707 release fee",SCAM
"Shopee parcel stuck kastam, bayar RM2257 untuk release",SCAM
Weh kau free tak malam ni?,SAFE
Call aku nanti free,SAFE
Let’s study together for exam,SAFE
Aku dah hantar report tu,SAFE
"Police report: you involved in case, contact urgent bit.ly/verify",SCAM
"Shopee parcel stuck kastam, bayar RM3577 untuk release",SCAM
Jom makan dekat cafe kampus,SAFE
"Your email hacked, reset password immediately sh0pee-help.net",SCAM
"Good morning bro, bangun cepat",SAFE
Assignment dah siap belum?,SAFE
"TNG eWallet kena suspend, login untuk aktifkan tng-update.com",SCAM
"Customs hold parcel, pay RM747 release fee",SCAM
"OTP needed to verify transaction, send cepat",SCAM
Aku tengah buat project AI ni,SAFE
"Free RM2475 voucher, claim sekarang bank-secure.com/login",SCAM
Call aku nanti free,SAFE
"Bank kau kena block, click link ni cepat bit.ly/verify",SCAM
"Account anda akan dibekukan segera, verify sekarang bank-secure.com/login",SCAM
"Loan approved instant RM3503, send IC & bank details",SCAM
"Customs hold parcel, pay RM3884 release fee",SCAM
"Job part time RM2055/day, no experience needed, join link sh0pee-help.net",SCAM
"Bank kau kena block, click link ni cepat sh0pee-help.net",SCAM
"You win RM4783 cash, claim now sebelum expired",SCAM
Where are you now bro?,SAFE
Dinner rumah mak malam ni,SAFE
Apa plan weekend ni?,SAFE
Kita jumpa esok kelas 10am,SAFE
"You win RM3433 cash, claim now sebelum expired",SCAM
"Bank kau kena block, click link ni cepat sh0pee-help.net",SCAM
"Police report: you involved in case, contact urgent bit.ly/verify",SCAM
"Police report: you involved in case, contact urgent bit.ly/verify",SCAM
"Police report: you involved in case, contact urgent bit.ly/verify",SCAM
"Customs hold parcel, pay RM166 release fee",SCAM
Jom makan dekat cafe kampus,SAFE
"Shopee parcel stuck kastam, bayar RM853 untuk release",SCAM
"Your email hacked, reset password immediately bit.ly/verify",SCAM
"OTP needed to verify transaction, send cepat",SCAM
"Shopee parcel stuck kastam, bayar RM4056 untuk release",SCAM
Apa plan weekend ni?,SAFE
Let’s study together for exam,SAFE
Apa plan weekend ni?,SAFE
"OTP needed to verify transaction, send cepat",SCAM
"Free RM1723 voucher, claim sekarang bit.ly/verify",SCAM
"TNG eWallet kena suspend, login untuk aktifkan bank-secure.com/login",SCAM
"TNG eWallet kena suspend, login untuk aktifkan tng-update.com",SCAM
"Your email hacked, reset password immediately tng-update.com",SCAM
"Free RM1415 voucher, claim sekarang tng-update.com",SCAM
Apa plan weekend ni?,SAFE
"Good morning bro, bangun cepat",SAFE
Jom makan dekat cafe kampus,SAFE
"Bank kau kena block, click link ni cepat bank-secure.com/login",SCAM
Where are you now bro?,SAFE
Where are you now bro?,SAFE
Dinner rumah mak malam ni,SAFE
Jom makan dekat cafe kampus,SAFE
"OTP needed to verify transaction, send cepat",SCAM
"Bank Negara report: account suspicious activity, verify tng-update.com",SCAM
"Free RM4897 voucher, claim sekarang bank-secure.com/login",SCAM
"Investment crypto profit 200% guaranteed, join now sh0pee-help.net",SCAM
"Job part time RM4366/day, no experience needed, join link sh0pee-help.net",SCAM
"Investment crypto profit 200% guaranteed, join now tng-update.com",SCAM
"Police report: you involved in case, contact urgent bank-secure.com/login",SCAM
"Free RM1146 voucher, claim sekarang bank-secure.com/login",SCAM
Weh kau free tak malam ni?,SAFE
"Your email hacked, reset password immediately bank-secure.com/login",SCAM
Let’s study together for exam,SAFE
Aku tengah buat project AI ni,SAFE
Apa plan weekend ni?,SAFE
"Bank Negara report: account suspicious activity, verify bit.ly/verify",SCAM
"Customs hold parcel, pay RM60 release fee",SCAM
"Free RM3287 voucher, claim sekarang bit.ly/verify",SCAM
"TNG eWallet kena suspend, login untuk aktifkan tng-update.com",SCAM
"Account anda akan dibekukan segera, verify sekarang sh0pee-help.net",SCAM
Aku dah hantar report tu,SAFE
Weh kau free tak malam ni?,SAFE
"Your email hacked, reset password immediately sh0pee-help.net",SCAM
Dinner rumah mak malam ni,SAFE
Assignment dah siap belum?,SAFE
You datang lecture tak hari ni?,SAFE
Aku tengah buat project AI ni,SAFE
Let’s study together for exam,SAFE
"Investment crypto profit 200% guaranteed, join now tng-update.com",SCAM
Jom makan dekat cafe kampus,SAFE
Aku tengah buat project AI ni,SAFE
Weh kau free tak malam ni?,SAFE
"OTP needed to verify transaction, send cepat",SCAM
"Police report: you involved in case, contact urgent sh0pee-help.net",SCAM
You datang lecture tak hari ni?,SAFE
Let’s study together for exam,SAFE
"Good morning bro, bangun cepat",SAFE
Weh kau free tak malam ni?,SAFE
Call aku nanti free,SAFE
Apa plan weekend ni?,SAFE
"Account anda akan dibekukan segera, verify sekarang tng-update.com",SCAM
"Your email hacked, reset password immediately tng-update.com",SCAM
"Loan approved instant RM2250, send IC & bank details",SCAM
"Account anda akan dibekukan segera, verify sekarang sh0pee-help.net",SCAM
Kita jumpa esok kelas 10am,SAFE
"Shopee parcel stuck kastam, bayar RM2983 untuk release",SCAM
Apa plan weekend ni?,SAFE
"Good morning bro, bangun cepat",SAFE
"Shopee parcel stuck kastam, bayar RM804 untuk release",SCAM
"Shopee parcel stuck kastam, bayar RM519 untuk release",SCAM
"OTP needed to verify transaction, send cepat",SCAM
"Account anda akan dibekukan segera, verify sekarang sh0pee-help.net",SCAM
Apa plan weekend ni?,SAFE
"Account anda akan dibekukan segera, verify sekarang bank-secure.com/login",SCAM
Aku lambat sikit traffic jam,SAFE
Aku dah hantar report tu,SAFE
Let’s study together for exam,SAFE
You datang lecture tak hari ni?,SAFE
Call aku nanti free,SAFE
Apa plan weekend ni?,SAFE
"Job part time RM2711/day, no experience needed, join link bit.ly/verify",SCAM
Jom makan dekat cafe kampus,SAFE
"Shopee parcel stuck kastam, bayar RM1533 untuk release",SCAM
Call aku nanti free,SAFE
Kita jumpa esok kelas 10am,SAFE
Thanks bro tolong aku tadi,SAFE
Aku tengah buat project AI ni,SAFE
"TNG eWallet kena suspend, login untuk aktifkan tng-update.com",SCAM
"Shopee parcel stuck kastam, bayar RM4052 untuk release",SCAM
"Police report: you involved in case, contact urgent bank-secure.com/login",SCAM
Aku dah hantar report tu,SAFE
Aku tengah buat project AI ni,SAFE
"Bank kau kena block, click link ni cepat bank-secure.com/login",SCAM
You datang lecture tak hari ni?,SAFE
Kita jumpa esok kelas 10am,SAFE
"OTP needed to verify transaction, send cepat",SCAM
"You win RM1958 cash, claim now sebelum expired",SCAM
"Investment crypto profit 200% guaranteed, join now bit.ly/verify",SCAM
Apa plan weekend ni?,SAFE
"Bank kau kena block, click link ni cepat bank-secure.com/login",SCAM
"We detected login from Nigeria, confirm identity sh0pee-help.net",SCAM
Call aku nanti free,SAFE
Aku lambat sikit traffic jam,SAFE
Aku tengah buat project AI ni,SAFE
"Investment crypto profit 200% guaranteed, join now sh0pee-help.net",SCAM
Where are you now bro?,SAFE
"Shopee parcel stuck kastam, bayar RM2152 untuk release",SCAM
Aku dah hantar report tu,SAFE
Jom makan dekat cafe kampus,SAFE
"OTP needed to verify transaction, send cepat",SCAM
Weh kau free tak malam ni?,SAFE
"Loan approved instant RM4148, send IC & bank details",SCAM
"Investment crypto profit 200% guaranteed, join now tng-update.com",SCAM
"You win RM2243 cash, claim now sebelum expired",SCAM
Where are you now bro?,SAFE
"Your email hacked, reset password immediately tng-update.com",SCAM
"Investment crypto profit 200% guaranteed, join now tng-update.com",SCAM
"Customs hold parcel, pay RM4307 release fee",SCAM
"Job part time RM3545/day, no experience needed, join link bit.ly/verify",SCAM
Aku tengah buat project AI ni,SAFE
Kita jumpa esok kelas 10am,SAFE
"Your email hacked, reset password immediately tng-update.com",SCAM
Jom makan dekat cafe kampus,SAFE
Weh kau free tak malam ni?,SAFE
Jom makan dekat cafe kampus,SAFE
"OTP needed to verify transaction, send cepat",SCAM
Aku tengah buat project AI ni,SAFE
Apa plan weekend ni?,SAFE
Thanks bro tolong aku tadi,SAFE
Weh kau free tak malam ni?,SAFE
Jom makan dekat cafe kampus,SAFE
Aku lambat sikit traffic jam,SAFE
"Investment crypto profit 200% guaranteed, join now sh0pee-help.net",SCAM
Weh kau free tak malam ni?,SAFE
"Investment crypto profit 200% guaranteed, join now sh0pee-help.net",SCAM
"TNG eWallet kena suspend, login untuk aktifkan bank-secure.com/login",SCAM
You datang lecture tak hari ni?,SAFE
"Investment crypto profit 200% guaranteed, join now tng-update.com",SCAM
"Loan approved instant RM3020, send IC & bank details",SCAM
"Shopee parcel stuck kastam, bayar RM2000 untuk release",SCAM
Assignment dah siap belum?,SAFE
Assignment dah siap belum?,SAFE
"Police report: you involved in case, contact urgent tng-update.com",SCAM
"Police report: you involved in case, contact urgent bank-secure.com/login",SCAM
Assignment dah siap belum?,SAFE
"We detected login from Nigeria, confirm identity sh0pee-help.net",SCAM
"Account anda akan dibekukan segera, verify sekarang bit.ly/verify",SCAM
"Job part time RM4491/day, no experience needed, join link bit.ly/verify",SCAM
You datang lecture tak hari ni?,SAFE
"Account anda akan dibekukan segera, verify sekarang tng-update.com",SCAM
"Loan approved instant RM4837, send IC & bank details",SCAM
"Bank kau kena block, click link ni cepat tng-update.com",SCAM
Jom makan dekat cafe kampus,SAFE
Jom makan dekat cafe kampus,SAFE
"Loan approved instant RM2067, send IC & bank details",SCAM
"Customs hold parcel, pay RM4474 release fee",SCAM
"Bank kau kena block, click link ni cepat bit.ly/verify",SCAM
Where are you now bro?,SAFE
"Your email hacked, reset password immediately sh0pee-help.net",SCAM
Call aku nanti free,SAFE
"Bank kau kena block, click link ni cepat bit.ly/verify",SCAM
Call aku nanti free,SAFE
"Police report: you involved in case, contact urgent sh0pee-help.net",SCAM
"Investment crypto profit 200% guaranteed, join now bank-secure.com/login",SCAM
"Bank kau kena block, click link ni cepat bank-secure.com/login",SCAM
"Customs hold parcel, pay RM393 release fee",SCAM
"Good morning bro, bangun cepat",SAFE
Aku tengah buat project AI ni,SAFE
Where are you now bro?,SAFE
Thanks bro tolong aku tadi,SAFE
"Police report: you involved in case, contact urgent bank-secure.com/login",SCAM
"Bank Negara report: account suspicious activity, verify bit.ly/verify",SCAM
"Customs hold parcel, pay RM3563 release fee",SCAM
Aku dah hantar report tu,SAFE
Where are you now bro?,SAFE
"Shopee parcel stuck kastam, bayar RM3737 untuk release",SCAM
Jom makan dekat cafe kampus,SAFE
"You win RM262 cash, claim now sebelum expired",SCAM
"Investment crypto profit 200% guaranteed, join now tng-update.com",SCAM
Call aku nanti free,SAFE
Dinner rumah mak malam ni,SAFE
"Good morning bro, bangun cepat",SAFE
Aku dah hantar report tu,SAFE
"Account anda akan dibekukan segera, verify sekarang tng-update.com",SCAM
"Customs hold parcel, pay RM497 release fee",SCAM
Weh kau free tak malam ni?,SAFE
Aku lambat sikit traffic jam,SAFE
Weh kau free tak malam ni?,SAFE
Aku lambat sikit traffic jam,SAFE
Kita jumpa esok kelas 10am,SAFE
Assignment dah siap belum?,SAFE
Assignment dah siap belum?,SAFE
"Job part time RM3586/day, no experience needed, join link bank-secure.com/login",SCAM
Weh kau free tak malam ni?,SAFE
"Customs hold parcel, pay RM3221 release fee",SCAM
"You win RM2457 cash, claim now sebelum expired",SCAM
Aku lambat sikit traffic jam,SAFE
"Customs hold parcel, pay RM2074 release fee",SCAM
Let’s study together for exam,SAFE
"OTP needed to verify transaction, send cepat",SCAM
"Bank Negara report: account suspicious activity, verify bank-secure.com/login",SCAM
"You win RM168 cash, claim now sebelum expired",SCAM
"Free RM4258 voucher, claim sekarang bit.ly/verify",SCAM
"Loan approved instant RM2377, send IC & bank details",SCAM
"Good morning bro, bangun cepat",SAFE
Aku tengah buat project AI ni,SAFE
Aku tengah buat project AI ni,SAFE
Assignment dah siap belum?,SAFE
Call aku nanti free,SAFE
"TNG eWallet kena suspend, login untuk aktifkan bank-secure.com/login",SCAM
"You win RM4197 cash, claim now sebelum expired",SCAM
"Loan approved instant RM500, send IC & bank details",SCAM
"You win RM1670 cash, claim now sebelum expired",SCAM
"Your email hacked, reset password immediately sh0pee-help.net",SCAM
Aku dah hantar report tu,SAFE
"OTP needed to verify transaction, send cepat",SCAM
Where are you now bro?,SAFE
"Loan approved instant RM2067, send IC & bank details",SCAM
Where are you now bro?,SAFE
"TNG eWallet kena suspend, login untuk aktifkan tng-update.com",SCAM
Where are you now bro?,SAFE
Call aku nanti free,SAFE
"You win RM4388 cash, claim now sebelum expired",SCAM
Where are you now bro?,SAFE
Aku tengah buat project AI ni,SAFE
"OTP needed to verify transaction, send cepat",SCAM
Weh kau free tak malam ni?,SAFE
"Free RM4135 voucher, claim sekarang tng-update.com",SCAM
Thanks bro tolong aku tadi,SAFE
Kita jumpa esok kelas 10am,SAFE
"Bank Negara report: account suspicious activity, verify bank-secure.com/login",SCAM
"Your email hacked, reset password immediately bit.ly/verify",SCAM
"Your email hacked, reset password immediately sh0pee-help.net",SCAM
"We detected login from Nigeria, confirm identity sh0pee-help.net",SCAM
Weh kau free tak malam ni?,SAFE
"Loan approved instant RM3472, send IC & bank details",SCAM
Weh kau free tak malam ni?,SAFE
Assignment dah siap belum?,SAFE
"Customs hold parcel, pay RM3623 release fee",SCAM
Weh kau free tak malam ni?,SAFE
Aku lambat sikit traffic jam,SAFE
Where are you now bro?,SAFE
"Your email hacked, reset password immediately tng-update.com",SCAM
Dinner rumah mak malam ni,SAFE
Kita jumpa esok kelas 10am,SAFE
Dinner rumah mak malam ni,SAFE
"Free RM2261 voucher, claim sekarang bank-secure.com/login",SCAM
"Investment crypto profit 200% guaranteed, join now sh0pee-help.net",SCAM
Apa plan weekend ni?,SAFE
"You win RM485 cash, claim now sebelum expired",SCAM
Dinner rumah mak malam ni,SAFE
"TNG eWallet kena suspend, login untuk aktifkan tng-update.com",SCAM
"TNG eWallet kena suspend, login untuk aktifkan tng-update.com",SCAM
Weh kau free tak malam ni?,SAFE
"Customs hold parcel, pay RM4526 release fee",SCAM
Let’s study together for exam,SAFE
"Your email hacked, reset password immediately tng-update.com",SCAM
Where are you now bro?,SAFE
Call aku nanti free,SAFE
"You win RM3651 cash, claim now sebelum expired",SCAM
Dinner rumah mak malam ni,SAFE
Aku tengah buat project AI ni,SAFE
"Customs hold parcel, pay RM2862 release fee",SCAM
"OTP needed to verify transaction, send cepat",SCAM
Aku lambat sikit traffic jam,SAFE
"Investment crypto profit 200% guaranteed, join now sh0pee-help.net",SCAM
Jom makan dekat cafe kampus,SAFE
"Account anda akan dibekukan segera, verify sekarang bank-secure.com/login",SCAM
"You win RM2128 cash, claim now sebelum expired",SCAM
"Account anda akan dibekukan segera, verify sekarang tng-update.com",SCAM
"Bank Negara report: account suspicious activity, verify sh0pee-help.net",SCAM
"Police report: you involved in case, contact urgent sh0pee-help.net",SCAM
Aku dah hantar report tu,SAFE
"Job part time RM3896/day, no experience needed, join link bit.ly/verify",SCAM
Assignment dah siap belum?,SAFE
"Bank kau kena block, click link ni cepat bit.ly/verify",SCAM
"You win RM2119 cash, claim now sebelum expired",SCAM
"Free RM3318 voucher, claim sekarang bank-secure.com/login",SCAM
Where are you now bro?,SAFE
"Shopee parcel stuck kastam, bayar RM4213 untuk release",SCAM
"OTP needed to verify transaction, send cepat",SCAM
"Bank kau kena block, click link ni cepat sh0pee-help.net",SCAM
"Police report: you involved in case, contact urgent tng-update.com",SCAM
"You win RM3206 cash, claim now sebelum expired",SCAM
Let’s study together for exam,SAFE
Thanks bro tolong aku tadi,SAFE
You datang lecture tak hari ni?,SAFE
"TNG eWallet kena suspend, login untuk aktifkan bank-secure.com/login",SCAM
"OTP needed to verify transaction, send cepat",SCAM
"Police report: you involved in case, contact urgent bit.ly/verify",SCAM
Dinner rumah mak malam ni,SAFE
Aku dah hantar report tu,SAFE
Dinner rumah mak malam ni,SAFE
Aku tengah buat project AI ni,SAFE
Let’s study together for exam,SAFE
Aku dah hantar report tu,SAFE
"Police report: you involved in case, contact urgent sh0pee-help.net",SCAM
Kita jumpa esok kelas 10am,SAFE
"Investment crypto profit 200% guaranteed, join now sh0pee-help.net",SCAM
"Bank kau kena block, click link ni cepat sh0pee-help.net",SCAM
"We detected login from India, confirm identity tng-update.com",SCAM
"Free RM3288 voucher, claim sekarang tng-update.com",SCAM
Apa plan weekend ni?,SAFE
Dinner rumah mak malam ni,SAFE
"Your email hacked, reset password immediately bit.ly/verify",SCAM
Assignment dah siap belum?,SAFE
Where are you now bro?,SAFE
Thanks bro tolong aku tadi,SAFE
"Bank kau kena block, click link ni cepat sh0pee-help.net",SCAM
Dinner rumah mak malam ni,SAFE
"Your email hacked, reset password immediately bit.ly/verify",SCAM
"Job part time RM3447/day, no experience needed, join link sh0pee-help.net",SCAM
"Bank Negara report: account suspicious activity, verify tng-update.com",SCAM
Apa plan weekend ni?,SAFE
"Police report: you involved in case, contact urgent bit.ly/verify",SCAM
Let’s study together for exam,SAFE
Kita jumpa esok kelas 10am,SAFE
Kita jumpa esok kelas 10am,SAFE
"OTP needed to verify transaction, send cepat",SCAM
"Good morning bro, bangun cepat",SAFE
"Bank Negara report: account suspicious activity, verify tng-update.com",SCAM
"Bank kau kena block, click link ni cepat bit.ly/verify",SCAM
Thanks bro tolong aku tadi,SAFE
"Free RM1467 voucher, claim sekarang bank-secure.com/login",SCAM
"We detected login from Nigeria, confirm identity bank-secure.com/login",SCAM
Jom makan dekat cafe kampus,SAFE
"Customs hold parcel, pay RM322 release fee",SCAM
Thanks bro tolong aku tadi,SAFE
"Police report: you involved in case, contact urgent bit.ly/verify",SCAM
"Bank Negara report: account suspicious activity, verify bit.ly/verify",SCAM
Aku dah hantar report tu,SAFE
Aku lambat sikit traffic jam,SAFE
"Job part time RM1980/day, no experience needed, join link sh0pee-help.net",SCAM
Where are you now bro?,SAFE
"Loan approved instant RM1208, send IC & bank details",SCAM
Dinner rumah mak malam ni,SAFE
Aku tengah buat project AI ni,SAFE
"Free RM1936 voucher, claim sekarang sh0pee-help.net",SCAM
Assignment dah siap belum?,SAFE
Weh kau free tak malam ni?,SAFE
